sample_idx,model_type,rel_l2,pde_residual
0,PI-FNO,0.44777384400367737,37.45745086669922
0,Data-Driven FNO,0.4537566304206848,84.25922393798828
1,PI-FNO,0.3855690360069275,89.24259948730469
1,Data-Driven FNO,0.427468478679657,162.9148406982422
2,PI-FNO,0.4442523419857025,11.10869026184082
2,Data-Driven FNO,0.4744527041912079,23.173992156982422
3,PI-FNO,0.5237143039703369,16.43042755126953
3,Data-Driven FNO,0.5551533699035645,25.97175407409668
4,PI-FNO,0.31871381402015686,12.8434419631958
4,Data-Driven FNO,0.35798466205596924,24.336101531982422
5,PI-FNO,0.4414128363132477,40.936424255371094
5,Data-Driven FNO,0.47121602296829224,72.8921127319336
6,PI-FNO,0.5789008140563965,43.86799621582031
6,Data-Driven FNO,0.622786819934845,77.08588409423828
7,PI-FNO,0.35169893503189087,37.169620513916016
7,Data-Driven FNO,0.4261581599712372,57.96699905395508
8,PI-FNO,0.4751022756099701,9.93462085723877
8,Data-Driven FNO,0.4745034873485565,19.91901206970215
9,PI-FNO,0.3262039124965668,67.86247253417969
9,Data-Driven FNO,0.39596474170684814,139.8575897216797
10,PI-FNO,0.2925651967525482,46.0081787109375
10,Data-Driven FNO,0.3196137547492981,77.8325424194336
11,PI-FNO,0.44639095664024353,52.85505294799805
11,Data-Driven FNO,0.45812922716140747,100.98960876464844
12,PI-FNO,0.19719809293746948,62.43310546875
12,Data-Driven FNO,0.21786803007125854,115.68383026123047
13,PI-FNO,0.2163725048303604,89.78627014160156
13,Data-Driven FNO,0.22164760529994965,152.94178771972656
14,PI-FNO,0.41968420147895813,14.396197319030762
14,Data-Driven FNO,0.4330363869667053,29.20450782775879
15,PI-FNO,0.4001551866531372,54.090843200683594
15,Data-Driven FNO,0.4390813708305359,95.2757339477539
16,PI-FNO,0.5494505167007446,17.153404235839844
16,Data-Driven FNO,0.5366461873054504,35.8415412902832
17,PI-FNO,0.7765593528747559,3.2849199771881104
17,Data-Driven FNO,0.8026036024093628,8.232351303100586
18,PI-FNO,0.28504711389541626,29.554136276245117
18,Data-Driven FNO,0.2979997396469116,44.259613037109375
19,PI-FNO,0.45218777656555176,54.417301177978516
19,Data-Driven FNO,0.48768264055252075,91.70865631103516
20,PI-FNO,0.28162458539009094,63.02157974243164
20,Data-Driven FNO,0.3315725028514862,118.90491485595703
21,PI-FNO,0.24158518016338348,130.4558563232422
21,Data-Driven FNO,0.2746412754058838,218.98892211914062
22,PI-FNO,0.22622710466384888,98.40239715576172
22,Data-Driven FNO,0.23702122271060944,163.05165100097656
23,PI-FNO,0.40896305441856384,18.93622589111328
23,Data-Driven FNO,0.41367006301879883,43.11701583862305
24,PI-FNO,0.32734718918800354,5.0866379737854
24,Data-Driven FNO,0.354743093252182,14.793440818786621
25,PI-FNO,0.3144189715385437,38.45085525512695
25,Data-Driven FNO,0.34570953249931335,60.72280502319336
26,PI-FNO,0.6113156676292419,7.41150426864624
26,Data-Driven FNO,0.6357147693634033,17.59123420715332
27,PI-FNO,0.36688199639320374,6.747771739959717
27,Data-Driven FNO,0.3243597149848938,14.121075630187988
28,PI-FNO,0.3415908217430115,26.668310165405273
28,Data-Driven FNO,0.3419744670391083,48.93918228149414
29,PI-FNO,0.3000580668449402,26.4752197265625
29,Data-Driven FNO,0.32779186964035034,48.27772521972656
30,PI-FNO,0.32757461071014404,133.56019592285156
30,Data-Driven FNO,0.3578157424926758,271.330322265625
31,PI-FNO,0.2713790237903595,17.83146095275879
31,Data-Driven FNO,0.2950119078159332,34.691566467285156
32,PI-FNO,0.590769350528717,16.334651947021484
32,Data-Driven FNO,0.6312507390975952,33.307254791259766
33,PI-FNO,0.6494305729866028,20.465713500976562
33,Data-Driven FNO,0.6631619930267334,25.976303100585938
34,PI-FNO,0.7277017831802368,27.97102928161621
34,Data-Driven FNO,0.6955384612083435,49.1499137878418
35,PI-FNO,0.2959398329257965,10.649526596069336
35,Data-Driven FNO,0.36486560106277466,21.547056198120117
36,PI-FNO,0.3294433355331421,66.5030746459961
36,Data-Driven FNO,0.3450390100479126,104.55552673339844
37,PI-FNO,0.23924505710601807,35.96574020385742
37,Data-Driven FNO,0.26810410618782043,62.40370178222656
38,PI-FNO,0.6905640959739685,24.031902313232422
38,Data-Driven FNO,0.6866140365600586,31.413166046142578
39,PI-FNO,0.5107722878456116,62.633663177490234
39,Data-Driven FNO,0.49154701828956604,76.4026870727539
40,PI-FNO,0.29315894842147827,21.814517974853516
40,Data-Driven FNO,0.31095167994499207,51.031436920166016
41,PI-FNO,0.3544663190841675,36.49168395996094
41,Data-Driven FNO,0.39605769515037537,47.5037956237793
42,PI-FNO,0.5518125891685486,20.92764663696289
42,Data-Driven FNO,0.5313205718994141,30.92623519897461
43,PI-FNO,0.7382256984710693,16.914697647094727
43,Data-Driven FNO,0.7227082252502441,25.79522132873535
44,PI-FNO,0.47324058413505554,12.64088249206543
44,Data-Driven FNO,0.44749951362609863,23.64629554748535
45,PI-FNO,1.0802452564239502,5.465511798858643
45,Data-Driven FNO,1.0462337732315063,6.652384281158447
46,PI-FNO,0.49573400616645813,11.212141036987305
46,Data-Driven FNO,0.5015368461608887,24.559480667114258
47,PI-FNO,0.3629121780395508,19.417991638183594
47,Data-Driven FNO,0.3402898907661438,30.83268928527832
48,PI-FNO,0.2979253828525543,66.3760757446289
48,Data-Driven FNO,0.3156794309616089,146.13922119140625
49,PI-FNO,0.4497087895870209,85.67060089111328
49,Data-Driven FNO,0.4550166726112366,157.74168395996094
50,PI-FNO,0.37723508477211,36.013954162597656
50,Data-Driven FNO,0.3795889914035797,62.6177864074707
51,PI-FNO,0.19108179211616516,65.69860076904297
51,Data-Driven FNO,0.2236277461051941,102.87750244140625
52,PI-FNO,0.26706933975219727,86.84632873535156
52,Data-Driven FNO,0.2816227376461029,134.62107849121094
53,PI-FNO,0.5332338809967041,8.309203147888184
53,Data-Driven FNO,0.6128731369972229,13.927730560302734
54,PI-FNO,0.3172972500324249,99.9859848022461
54,Data-Driven FNO,0.369150310754776,195.8638153076172
55,PI-FNO,0.37793704867362976,34.6657600402832
55,Data-Driven FNO,0.3735481798648834,68.33031463623047
56,PI-FNO,0.4230695366859436,76.70245361328125
56,Data-Driven FNO,0.44492724537849426,118.38259887695312
57,PI-FNO,0.45051777362823486,7.42487096786499
57,Data-Driven FNO,0.4674362540245056,16.21433448791504
58,PI-FNO,0.32132768630981445,13.455960273742676
58,Data-Driven FNO,0.3642164170742035,22.39446258544922
59,PI-FNO,0.47170430421829224,104.74820709228516
59,Data-Driven FNO,0.45996224880218506,207.1988525390625
60,PI-FNO,0.32341060042381287,46.388545989990234
60,Data-Driven FNO,0.36475974321365356,66.39250183105469
61,PI-FNO,0.24720610678195953,19.304649353027344
61,Data-Driven FNO,0.24493511021137238,40.268638610839844
62,PI-FNO,0.36260688304901123,122.0514907836914
62,Data-Driven FNO,0.3720289170742035,194.40533447265625
63,PI-FNO,0.5457555651664734,42.132667541503906
63,Data-Driven FNO,0.5657143592834473,102.6222152709961
64,PI-FNO,0.3686794936656952,57.687286376953125
64,Data-Driven FNO,0.3650478422641754,109.18144989013672
65,PI-FNO,0.4429527819156647,11.337212562561035
65,Data-Driven FNO,0.4662787616252899,21.31500816345215
66,PI-FNO,0.3982032239437103,8.806672096252441
66,Data-Driven FNO,0.4162701666355133,13.060430526733398
67,PI-FNO,0.48925191164016724,91.5094223022461
67,Data-Driven FNO,0.4920845031738281,126.79647064208984
68,PI-FNO,0.19191211462020874,67.91914367675781
68,Data-Driven FNO,0.2074994593858719,110.4599380493164
69,PI-FNO,0.2645399272441864,35.17884063720703
69,Data-Driven FNO,0.3180534541606903,73.59577178955078
70,PI-FNO,0.31013500690460205,19.0211124420166
70,Data-Driven FNO,0.3927763104438782,29.053251266479492
71,PI-FNO,0.3899427354335785,36.35407638549805
71,Data-Driven FNO,0.3622281849384308,60.071109771728516
72,PI-FNO,0.32764068245887756,80.33873748779297
72,Data-Driven FNO,0.2961822748184204,129.6679229736328
73,PI-FNO,0.415321946144104,2.3505730628967285
73,Data-Driven FNO,0.45353803038597107,6.356545448303223
74,PI-FNO,0.4828517735004425,15.1260347366333
74,Data-Driven FNO,0.4742506444454193,28.646451950073242
75,PI-FNO,0.22694708406925201,56.615116119384766
75,Data-Driven FNO,0.26162242889404297,92.13267517089844
76,PI-FNO,0.3156161308288574,4.595251083374023
76,Data-Driven FNO,0.33446717262268066,9.437905311584473
77,PI-FNO,0.3676622807979584,62.982032775878906
77,Data-Driven FNO,0.32348892092704773,95.60543823242188
78,PI-FNO,0.3191075325012207,42.06608963012695
78,Data-Driven FNO,0.32600682973861694,75.60804748535156
79,PI-FNO,0.19986556470394135,137.5714874267578
79,Data-Driven FNO,0.20449253916740417,228.5512237548828
80,PI-FNO,0.2958798408508301,67.99022674560547
80,Data-Driven FNO,0.3197672367095947,122.89411926269531
81,PI-FNO,0.2845938503742218,57.945133209228516
81,Data-Driven FNO,0.3029533922672272,120.53881072998047
82,PI-FNO,0.31487801671028137,56.021785736083984
82,Data-Driven FNO,0.3253445625305176,103.32855224609375
83,PI-FNO,0.33061647415161133,113.36065673828125
83,Data-Driven FNO,0.341147243976593,176.20138549804688
84,PI-FNO,0.31346365809440613,104.28643035888672
84,Data-Driven FNO,0.35060107707977295,171.93309020996094
85,PI-FNO,0.4146418273448944,25.493009567260742
85,Data-Driven FNO,0.4684939980506897,44.775611877441406
86,PI-FNO,0.4254515767097473,25.731603622436523
86,Data-Driven FNO,0.448961466550827,50.7047004699707
87,PI-FNO,0.24264170229434967,90.99829864501953
87,Data-Driven FNO,0.2575867474079132,168.79969787597656
88,PI-FNO,0.21400533616542816,9.653604507446289
88,Data-Driven FNO,0.21662229299545288,23.73276138305664
89,PI-FNO,0.715571939945221,6.668633460998535
89,Data-Driven FNO,0.7971419095993042,15.104352951049805
90,PI-FNO,0.34267839789390564,19.293380737304688
90,Data-Driven FNO,0.4094909131526947,30.70081329345703
91,PI-FNO,0.3123340308666229,134.24420166015625
91,Data-Driven FNO,0.2940925657749176,181.7277069091797
92,PI-FNO,0.3972755968570709,102.27186584472656
92,Data-Driven FNO,0.41051962971687317,210.6265106201172
93,PI-FNO,0.4960179626941681,12.32144832611084
93,Data-Driven FNO,0.5831735134124756,24.07814598083496
94,PI-FNO,0.6366985440254211,69.37571716308594
94,Data-Driven FNO,0.578264057636261,114.65252685546875
95,PI-FNO,0.4310742914676666,36.13847732543945
95,Data-Driven FNO,0.40569913387298584,52.650421142578125
96,PI-FNO,0.3684927225112915,28.403287887573242
96,Data-Driven FNO,0.3831486701965332,41.983829498291016
97,PI-FNO,0.3583369851112366,126.40582275390625
97,Data-Driven FNO,0.3689086437225342,238.98585510253906
98,PI-FNO,0.411449670791626,45.09457778930664
98,Data-Driven FNO,0.41209280490875244,100.82313537597656
99,PI-FNO,0.2934788167476654,17.240707397460938
99,Data-Driven FNO,0.32876595854759216,40.216461181640625
100,PI-FNO,0.14992770552635193,33.411746978759766
100,Data-Driven FNO,0.16667324304580688,68.33826446533203
101,PI-FNO,0.42020073533058167,17.178125381469727
101,Data-Driven FNO,0.40828263759613037,34.468711853027344
102,PI-FNO,0.8541052341461182,2.7228894233703613
102,Data-Driven FNO,0.8707595467567444,5.479084014892578
103,PI-FNO,0.23989032208919525,27.986469268798828
103,Data-Driven FNO,0.31468668580055237,54.57638931274414
104,PI-FNO,0.5047109723091125,56.04249572753906
104,Data-Driven FNO,0.538185715675354,129.53643798828125
105,PI-FNO,0.35791197419166565,24.555866241455078
105,Data-Driven FNO,0.33273258805274963,35.203311920166016
106,PI-FNO,0.2694038152694702,40.55168151855469
106,Data-Driven FNO,0.2912736237049103,65.86962890625
107,PI-FNO,0.4386126399040222,68.4041748046875
107,Data-Driven FNO,0.44979193806648254,127.5739517211914
108,PI-FNO,0.28864380717277527,21.771034240722656
108,Data-Driven FNO,0.33851730823516846,47.93592834472656
109,PI-FNO,0.990850567817688,7.125645637512207
109,Data-Driven FNO,0.9964420199394226,13.647601127624512
110,PI-FNO,0.2853366732597351,54.984092712402344
110,Data-Driven FNO,0.3043358027935028,101.66564178466797
111,PI-FNO,0.7840316295623779,4.8434858322143555
111,Data-Driven FNO,0.8180402517318726,8.106133460998535
112,PI-FNO,0.23184813559055328,41.148799896240234
112,Data-Driven FNO,0.23730561137199402,75.00564575195312
113,PI-FNO,0.38942646980285645,109.37950897216797
113,Data-Driven FNO,0.3981030285358429,209.77659606933594
114,PI-FNO,0.7129780054092407,31.470396041870117
114,Data-Driven FNO,0.7339164018630981,42.92942428588867
115,PI-FNO,0.41641128063201904,35.47287368774414
115,Data-Driven FNO,0.4571349024772644,61.95228576660156
116,PI-FNO,0.2864539623260498,20.5033016204834
116,Data-Driven FNO,0.2993904650211334,44.87192153930664
117,PI-FNO,0.6554421782493591,2.560791015625
117,Data-Driven FNO,0.6376185417175293,6.220941066741943
118,PI-FNO,0.332306832075119,103.23757934570312
118,Data-Driven FNO,0.36445388197898865,191.82992553710938
119,PI-FNO,0.38691461086273193,19.621797561645508
119,Data-Driven FNO,0.4331468343734741,31.8936824798584
120,PI-FNO,0.28348448872566223,101.2875747680664
120,Data-Driven FNO,0.28580471873283386,179.74615478515625
121,PI-FNO,0.4945087730884552,50.46952438354492
121,Data-Driven FNO,0.473658949136734,83.06825256347656
122,PI-FNO,0.8302536010742188,7.973476409912109
122,Data-Driven FNO,0.8079102635383606,14.29731559753418
123,PI-FNO,0.29473987221717834,40.71257400512695
123,Data-Driven FNO,0.33314985036849976,61.136749267578125
124,PI-FNO,0.21883462369441986,28.376720428466797
124,Data-Driven FNO,0.26076704263687134,41.63703155517578
125,PI-FNO,0.8443784713745117,9.473738670349121
125,Data-Driven FNO,0.6855189204216003,15.16499137878418
126,PI-FNO,0.3735181987285614,15.45047664642334
126,Data-Driven FNO,0.35992541909217834,28.941003799438477
127,PI-FNO,0.35273727774620056,58.08353805541992
127,Data-Driven FNO,0.3951231837272644,80.08062744140625
128,PI-FNO,0.44378897547721863,34.52286148071289
128,Data-Driven FNO,0.48890790343284607,69.31842041015625
129,PI-FNO,0.39883187413215637,46.695735931396484
129,Data-Driven FNO,0.41792795062065125,115.10809326171875
130,PI-FNO,0.5976283550262451,23.064119338989258
130,Data-Driven FNO,0.6193034052848816,38.98899841308594
131,PI-FNO,0.3514733612537384,21.56593894958496
131,Data-Driven FNO,0.34624284505844116,32.658634185791016
132,PI-FNO,0.2574622333049774,33.19650650024414
132,Data-Driven FNO,0.261141300201416,60.62761688232422
133,PI-FNO,0.312732458114624,48.518280029296875
133,Data-Driven FNO,0.3077062666416168,95.26483154296875
134,PI-FNO,0.32752200961112976,43.52524185180664
134,Data-Driven FNO,0.34854865074157715,77.4167251586914
135,PI-FNO,0.3264520466327667,99.31946563720703
135,Data-Driven FNO,0.342209130525589,116.54855346679688
136,PI-FNO,0.5281600952148438,37.643707275390625
136,Data-Driven FNO,0.500804603099823,72.61363983154297
137,PI-FNO,0.609764039516449,74.1258316040039
137,Data-Driven FNO,0.4969739019870758,121.76117706298828
138,PI-FNO,0.3560445010662079,11.189467430114746
138,Data-Driven FNO,0.39192983508110046,24.32626724243164
139,PI-FNO,0.2814711332321167,36.33498001098633
139,Data-Driven FNO,0.28889885544776917,73.92803955078125
140,PI-FNO,0.18687888979911804,11.008875846862793
140,Data-Driven FNO,0.20890644192695618,17.18052864074707
141,PI-FNO,0.4829046130180359,40.1891975402832
141,Data-Driven FNO,0.46596863865852356,63.31243133544922
142,PI-FNO,0.47546306252479553,74.3012924194336
142,Data-Driven FNO,0.4250730276107788,121.53792572021484
143,PI-FNO,0.28865405917167664,38.2083740234375
143,Data-Driven FNO,0.33198511600494385,57.80959701538086
144,PI-FNO,0.4103905260562897,10.96513843536377
144,Data-Driven FNO,0.5250394940376282,17.419330596923828
145,PI-FNO,0.33246004581451416,64.2228775024414
145,Data-Driven FNO,0.40117016434669495,116.49612426757812
146,PI-FNO,0.2429330050945282,36.63359069824219
146,Data-Driven FNO,0.25099697709083557,88.43232727050781
147,PI-FNO,0.34300899505615234,18.089153289794922
147,Data-Driven FNO,0.3315886855125427,33.51423263549805
148,PI-FNO,0.2975914478302002,11.324867248535156
148,Data-Driven FNO,0.3401092290878296,21.686073303222656
149,PI-FNO,0.24097803235054016,24.78806495666504
149,Data-Driven FNO,0.3013838827610016,48.81453323364258
150,PI-FNO,0.5303128957748413,21.268508911132812
150,Data-Driven FNO,0.554070770740509,37.4140510559082
151,PI-FNO,0.2758129835128784,22.94783592224121
151,Data-Driven FNO,0.3298867344856262,51.1945915222168
152,PI-FNO,0.7442792057991028,5.433817386627197
152,Data-Driven FNO,0.7165968418121338,11.688789367675781
153,PI-FNO,0.3757307529449463,65.78565216064453
153,Data-Driven FNO,0.39949753880500793,136.49691772460938
154,PI-FNO,0.3159971237182617,68.68269348144531
154,Data-Driven FNO,0.32404187321662903,120.31304168701172
155,PI-FNO,0.20064589381217957,83.12492370605469
155,Data-Driven FNO,0.21063099801540375,142.90455627441406
156,PI-FNO,0.5735965371131897,29.172826766967773
156,Data-Driven FNO,0.47899100184440613,53.04276657104492
157,PI-FNO,0.22628577053546906,21.504419326782227
157,Data-Driven FNO,0.23319043219089508,35.24107360839844
158,PI-FNO,0.3012406826019287,9.246180534362793
158,Data-Driven FNO,0.33564293384552,20.239233016967773
159,PI-FNO,0.48182669281959534,8.039928436279297
159,Data-Driven FNO,0.49003133177757263,12.057119369506836
160,PI-FNO,0.4267319440841675,76.30139923095703
160,Data-Driven FNO,0.4026849865913391,142.12449645996094
161,PI-FNO,0.4468015134334564,26.983610153198242
161,Data-Driven FNO,0.43259555101394653,42.791500091552734
162,PI-FNO,0.46301987767219543,67.25411224365234
162,Data-Driven FNO,0.4762517511844635,106.1946029663086
163,PI-FNO,0.19860771298408508,89.29936218261719
163,Data-Driven FNO,0.24219639599323273,174.1425018310547
164,PI-FNO,0.4010843336582184,18.89338493347168
164,Data-Driven FNO,0.4060259759426117,40.41790008544922
165,PI-FNO,0.33435365557670593,58.174072265625
165,Data-Driven FNO,0.35773196816444397,84.27391815185547
166,PI-FNO,0.7198242545127869,5.511589527130127
166,Data-Driven FNO,0.7167797684669495,8.836822509765625
167,PI-FNO,0.30693861842155457,47.27305603027344
167,Data-Driven FNO,0.3604196012020111,72.08621215820312
168,PI-FNO,0.5475556254386902,16.236862182617188
168,Data-Driven FNO,0.5648794174194336,34.163822174072266
169,PI-FNO,0.4551032483577728,2.814039468765259
169,Data-Driven FNO,0.4837711453437805,6.4917097091674805
170,PI-FNO,0.44333982467651367,44.68556213378906
170,Data-Driven FNO,0.522225022315979,74.40364837646484
171,PI-FNO,0.33460038900375366,48.213104248046875
171,Data-Driven FNO,0.36514031887054443,74.86468505859375
172,PI-FNO,0.39602476358413696,39.37942123413086
172,Data-Driven FNO,0.4130191206932068,81.3997573852539
173,PI-FNO,0.6824662089347839,10.263628005981445
173,Data-Driven FNO,0.6600760817527771,14.282805442810059
174,PI-FNO,0.28458115458488464,30.208969116210938
174,Data-Driven FNO,0.2876781225204468,54.73637008666992
175,PI-FNO,0.20962069928646088,18.29555320739746
175,Data-Driven FNO,0.25095248222351074,29.369970321655273
176,PI-FNO,0.2069004774093628,56.21946716308594
176,Data-Driven FNO,0.2507480978965759,94.43413543701172
177,PI-FNO,0.4505547285079956,21.310022354125977
177,Data-Driven FNO,0.5077202320098877,37.807193756103516
178,PI-FNO,0.45582249760627747,31.5612735748291
178,Data-Driven FNO,0.45007672905921936,38.701045989990234
179,PI-FNO,0.31508564949035645,34.03413772583008
179,Data-Driven FNO,0.3038300573825836,62.251731872558594
180,PI-FNO,0.5669416189193726,14.91476821899414
180,Data-Driven FNO,0.5411980152130127,26.790664672851562
181,PI-FNO,0.5432382822036743,38.044349670410156
181,Data-Driven FNO,0.5663393139839172,54.5069694519043
182,PI-FNO,0.3719099760055542,52.813838958740234
182,Data-Driven FNO,0.32960087060928345,96.20512390136719
183,PI-FNO,0.29112502932548523,28.032629013061523
183,Data-Driven FNO,0.32484376430511475,49.02232360839844
184,PI-FNO,0.32009637355804443,63.14096450805664
184,Data-Driven FNO,0.2970280647277832,108.93701934814453
185,PI-FNO,0.5756102800369263,51.708152770996094
185,Data-Driven FNO,0.5472833514213562,102.38438415527344
186,PI-FNO,0.4544602036476135,18.8015079498291
186,Data-Driven FNO,0.4988214671611786,36.909149169921875
187,PI-FNO,0.43792784214019775,44.60759735107422
187,Data-Driven FNO,0.46639183163642883,57.36394500732422
188,PI-FNO,0.285980761051178,79.64344787597656
188,Data-Driven FNO,0.30761396884918213,118.32415771484375
189,PI-FNO,0.38259366154670715,47.3541259765625
189,Data-Driven FNO,0.38225841522216797,69.81693267822266
190,PI-FNO,0.5713678002357483,19.31827163696289
190,Data-Driven FNO,0.5625900030136108,29.766132354736328
191,PI-FNO,0.4762895107269287,30.66356658935547
191,Data-Driven FNO,0.5058266520500183,41.5548210144043
192,PI-FNO,0.40772172808647156,10.153470039367676
192,Data-Driven FNO,0.39445504546165466,18.380334854125977
193,PI-FNO,0.3714990019798279,30.69795799255371
193,Data-Driven FNO,0.4310242533683777,56.87138748168945
194,PI-FNO,0.3178612291812897,62.2466926574707
194,Data-Driven FNO,0.31931933760643005,118.3525619506836
195,PI-FNO,0.3658965826034546,19.529870986938477
195,Data-Driven FNO,0.32024580240249634,32.77666091918945
196,PI-FNO,0.2876104414463043,23.650634765625
196,Data-Driven FNO,0.311802476644516,49.3682746887207
197,PI-FNO,0.6355279088020325,18.655141830444336
197,Data-Driven FNO,0.6110289096832275,32.71103286743164
198,PI-FNO,0.18863050639629364,70.60725402832031
198,Data-Driven FNO,0.21803030371665955,134.9105224609375
199,PI-FNO,0.36304858326911926,77.13581085205078
199,Data-Driven FNO,0.3131522238254547,111.56519317626953
200,PI-FNO,0.4259341061115265,60.16959762573242
200,Data-Driven FNO,0.4227280914783478,111.83638000488281
201,PI-FNO,0.3209230899810791,68.85493469238281
201,Data-Driven FNO,0.3515532314777374,123.56510162353516
202,PI-FNO,0.26910895109176636,11.181373596191406
202,Data-Driven FNO,0.3715139627456665,23.38780403137207
203,PI-FNO,0.6067513823509216,22.850492477416992
203,Data-Driven FNO,0.6230065226554871,35.97871017456055
204,PI-FNO,0.40451326966285706,16.772777557373047
204,Data-Driven FNO,0.47231149673461914,31.556699752807617
205,PI-FNO,0.24201205372810364,14.51487922668457
205,Data-Driven FNO,0.2530897557735443,31.255678176879883
206,PI-FNO,0.4226091206073761,56.33412170410156
206,Data-Driven FNO,0.4832340478897095,101.28315734863281
207,PI-FNO,0.5465259552001953,6.604489326477051
207,Data-Driven FNO,0.581974446773529,15.30345630645752
208,PI-FNO,0.47076448798179626,195.0067138671875
208,Data-Driven FNO,0.4718206226825714,350.4689025878906
209,PI-FNO,0.85477614402771,10.941146850585938
209,Data-Driven FNO,0.8291018009185791,17.72881317138672
210,PI-FNO,0.3226940929889679,64.08702850341797
210,Data-Driven FNO,0.32116442918777466,99.55769348144531
211,PI-FNO,0.893406093120575,9.297661781311035
211,Data-Driven FNO,0.9204171299934387,16.28432273864746
212,PI-FNO,0.3644063472747803,4.886460781097412
212,Data-Driven FNO,0.3740833103656769,10.454621315002441
213,PI-FNO,0.37866413593292236,8.785686492919922
213,Data-Driven FNO,0.38794833421707153,14.870923042297363
214,PI-FNO,0.3207431733608246,43.184303283691406
214,Data-Driven FNO,0.3124815821647644,61.14066696166992
215,PI-FNO,0.37802639603614807,25.682470321655273
215,Data-Driven FNO,0.4074217975139618,43.842044830322266
216,PI-FNO,0.40678533911705017,37.405609130859375
216,Data-Driven FNO,0.42081406712532043,58.00291442871094
217,PI-FNO,0.32049044966697693,22.16401481628418
217,Data-Driven FNO,0.30677422881126404,37.982547760009766
218,PI-FNO,0.7793856859207153,6.595901012420654
218,Data-Driven FNO,0.7711020708084106,11.540423393249512
219,PI-FNO,0.4484823942184448,35.19538497924805
219,Data-Driven FNO,0.41265347599983215,63.475059509277344
220,PI-FNO,0.3761272430419922,47.043701171875
220,Data-Driven FNO,0.41710707545280457,78.6038589477539
221,PI-FNO,0.4306926727294922,29.145666122436523
221,Data-Driven FNO,0.4392782151699066,62.537445068359375
222,PI-FNO,0.27667656540870667,85.86674499511719
222,Data-Driven FNO,0.2959775924682617,174.8780975341797
223,PI-FNO,0.34649980068206787,27.038606643676758
223,Data-Driven FNO,0.37808719277381897,37.7710075378418
224,PI-FNO,0.31411775946617126,46.44548416137695
224,Data-Driven FNO,0.33634060621261597,89.53616333007812
225,PI-FNO,0.4873020052909851,108.79047393798828
225,Data-Driven FNO,0.4384253919124603,200.56520080566406
226,PI-FNO,0.2799481451511383,86.65411376953125
226,Data-Driven FNO,0.34432098269462585,143.41018676757812
227,PI-FNO,0.4479345977306366,43.795841217041016
227,Data-Driven FNO,0.41130533814430237,80.92094421386719
228,PI-FNO,0.41876015067100525,41.61347961425781
228,Data-Driven FNO,0.4592021405696869,62.956275939941406
229,PI-FNO,1.0194091796875,5.31512451171875
229,Data-Driven FNO,1.0190922021865845,7.68366813659668
230,PI-FNO,0.49564412236213684,4.646989345550537
230,Data-Driven FNO,0.5350481867790222,8.555852890014648
231,PI-FNO,0.19306395947933197,67.66487121582031
231,Data-Driven FNO,0.2162746787071228,83.00182342529297
232,PI-FNO,0.23338866233825684,31.90682601928711
232,Data-Driven FNO,0.23879234492778778,64.25794982910156
233,PI-FNO,0.4189293086528778,27.915569305419922
233,Data-Driven FNO,0.46152424812316895,39.96260452270508
234,PI-FNO,0.3272872865200043,110.00029754638672
234,Data-Driven FNO,0.3605704605579376,159.3349609375
235,PI-FNO,0.31422722339630127,32.18993377685547
235,Data-Driven FNO,0.34494954347610474,48.47223663330078
236,PI-FNO,0.41419926285743713,118.70494842529297
236,Data-Driven FNO,0.39100223779678345,164.50767517089844
237,PI-FNO,0.6519840359687805,2.8605048656463623
237,Data-Driven FNO,0.7444007396697998,4.968707084655762
238,PI-FNO,0.6302516460418701,17.527873992919922
238,Data-Driven FNO,0.6265156269073486,23.573637008666992
239,PI-FNO,0.3385569751262665,15.082147598266602
239,Data-Driven FNO,0.3420999348163605,29.978551864624023
240,PI-FNO,0.4847046136856079,6.028586387634277
240,Data-Driven FNO,0.49741923809051514,11.58227825164795
241,PI-FNO,0.5436998605728149,9.442407608032227
241,Data-Driven FNO,0.526414155960083,20.58361053466797
242,PI-FNO,0.5876540541648865,24.291637420654297
242,Data-Driven FNO,0.5276822447776794,38.18988800048828
243,PI-FNO,0.3265921175479889,12.643721580505371
243,Data-Driven FNO,0.3788934648036957,20.02423667907715
244,PI-FNO,0.33351144194602966,44.953609466552734
244,Data-Driven FNO,0.3630979061126709,81.23284912109375
245,PI-FNO,0.44881024956703186,26.771547317504883
245,Data-Driven FNO,0.451966792345047,49.62159729003906
246,PI-FNO,0.2599804997444153,42.50599670410156
246,Data-Driven FNO,0.3154251277446747,71.1653823852539
247,PI-FNO,0.3895795941352844,64.44906616210938
247,Data-Driven FNO,0.40135812759399414,74.90507507324219
248,PI-FNO,0.3115432560443878,78.24274444580078
248,Data-Driven FNO,0.29794153571128845,122.86445617675781
249,PI-FNO,0.2816106379032135,49.612091064453125
249,Data-Driven FNO,0.30746257305145264,77.84485626220703
250,PI-FNO,0.3624761998653412,17.647537231445312
250,Data-Driven FNO,0.39330628514289856,22.962444305419922
251,PI-FNO,0.44394704699516296,57.41631317138672
251,Data-Driven FNO,0.41559264063835144,93.57182312011719
252,PI-FNO,0.5069525837898254,5.157609462738037
252,Data-Driven FNO,0.5330910682678223,11.321990013122559
253,PI-FNO,0.48691442608833313,51.469818115234375
253,Data-Driven FNO,0.46957388520240784,77.87134552001953
254,PI-FNO,0.5105789303779602,25.979900360107422
254,Data-Driven FNO,0.5114403367042542,36.21978759765625
255,PI-FNO,0.2513648271560669,26.26093864440918
255,Data-Driven FNO,0.25708192586898804,47.548465728759766
256,PI-FNO,0.428745299577713,12.521749496459961
256,Data-Driven FNO,0.481035053730011,27.648418426513672
257,PI-FNO,1.1111843585968018,2.8184823989868164
257,Data-Driven FNO,1.155211091041565,4.62356424331665
258,PI-FNO,0.43556657433509827,61.917808532714844
258,Data-Driven FNO,0.5076980590820312,92.72477722167969
259,PI-FNO,0.7589691877365112,3.534856081008911
259,Data-Driven FNO,0.8166240453720093,7.990071773529053
260,PI-FNO,0.286944717168808,46.59501266479492
260,Data-Driven FNO,0.36193302273750305,68.42823028564453
261,PI-FNO,0.3393821120262146,60.107444763183594
261,Data-Driven FNO,0.37432965636253357,115.95716857910156
262,PI-FNO,0.2324434369802475,33.235897064208984
262,Data-Driven FNO,0.280190646648407,64.94495391845703
263,PI-FNO,0.40238678455352783,4.015908241271973
263,Data-Driven FNO,0.49546995759010315,6.20272970199585
264,PI-FNO,0.34193941950798035,37.020389556884766
264,Data-Driven FNO,0.36568695306777954,66.21588897705078
265,PI-FNO,0.37359702587127686,59.36235809326172
265,Data-Driven FNO,0.3835127055644989,132.57650756835938
266,PI-FNO,0.8060015439987183,26.161212921142578
266,Data-Driven FNO,0.7606356143951416,46.38486099243164
267,PI-FNO,0.27020302414894104,55.710289001464844
267,Data-Driven FNO,0.2982266843318939,85.12279510498047
268,PI-FNO,0.23507864773273468,86.49161529541016
268,Data-Driven FNO,0.2675948143005371,172.4879150390625
269,PI-FNO,0.17398516833782196,84.18004608154297
269,Data-Driven FNO,0.20642352104187012,140.42074584960938
270,PI-FNO,0.6129713654518127,89.48374938964844
270,Data-Driven FNO,0.6892545819282532,134.83908081054688
271,PI-FNO,0.46508240699768066,7.911336421966553
271,Data-Driven FNO,0.4417940378189087,17.622112274169922
272,PI-FNO,0.3891868591308594,66.61258697509766
272,Data-Driven FNO,0.42239248752593994,108.17147064208984
273,PI-FNO,0.2901078462600708,56.25114822387695
273,Data-Driven FNO,0.3093065917491913,88.67032623291016
274,PI-FNO,0.4433648884296417,47.42658233642578
274,Data-Driven FNO,0.4834793210029602,74.45996856689453
275,PI-FNO,0.6872395873069763,3.583970546722412
275,Data-Driven FNO,0.6015182733535767,8.35098934173584
276,PI-FNO,0.38404735922813416,47.80965042114258
276,Data-Driven FNO,0.37879452109336853,70.6148681640625
277,PI-FNO,0.59856778383255,6.53005313873291
277,Data-Driven FNO,0.6624109745025635,11.71621036529541
278,PI-FNO,0.4984005391597748,23.93242645263672
278,Data-Driven FNO,0.5473176836967468,50.19074249267578
279,PI-FNO,0.4803351163864136,168.86093139648438
279,Data-Driven FNO,0.48454904556274414,312.80694580078125
280,PI-FNO,0.6733757853507996,39.18425369262695
280,Data-Driven FNO,0.6503949165344238,69.96480560302734
281,PI-FNO,0.4756511449813843,84.36624908447266
281,Data-Driven FNO,0.46319693326950073,160.3991241455078
282,PI-FNO,0.16179196536540985,26.70990562438965
282,Data-Driven FNO,0.20751269161701202,45.12971115112305
283,PI-FNO,0.33345481753349304,82.99248504638672
283,Data-Driven FNO,0.3419155180454254,155.06568908691406
284,PI-FNO,0.5260753631591797,94.4810562133789
284,Data-Driven FNO,0.5075169205665588,170.56214904785156
285,PI-FNO,0.5767508149147034,26.22260284423828
285,Data-Driven FNO,0.6131184697151184,41.14518356323242
286,PI-FNO,0.6297414898872375,117.17272186279297
286,Data-Driven FNO,0.5668836236000061,144.24798583984375
287,PI-FNO,0.7481168508529663,93.7451400756836
287,Data-Driven FNO,0.74140465259552,116.92097473144531
288,PI-FNO,0.3947955369949341,38.701805114746094
288,Data-Driven FNO,0.4041431248188019,73.75592803955078
289,PI-FNO,0.3985304832458496,66.60010528564453
289,Data-Driven FNO,0.38850900530815125,79.33901977539062
290,PI-FNO,0.3291308879852295,37.897300720214844
290,Data-Driven FNO,0.3715831935405731,89.81855010986328
291,PI-FNO,0.41273555159568787,12.74852180480957
291,Data-Driven FNO,0.4232856333255768,24.377063751220703
292,PI-FNO,0.3588932454586029,12.454949378967285
292,Data-Driven FNO,0.37407904863357544,28.27488899230957
293,PI-FNO,0.3720388114452362,14.09975814819336
293,Data-Driven FNO,0.43322598934173584,19.284229278564453
294,PI-FNO,0.24259722232818604,108.56195068359375
294,Data-Driven FNO,0.2765277922153473,188.8385467529297
295,PI-FNO,0.5717412233352661,23.09175682067871
295,Data-Driven FNO,0.5485894083976746,40.65192413330078
296,PI-FNO,0.3085488975048065,77.62673950195312
296,Data-Driven FNO,0.342030793428421,139.13072204589844
297,PI-FNO,0.4062027931213379,22.36644172668457
297,Data-Driven FNO,0.47922366857528687,39.70372772216797
298,PI-FNO,0.32854968309402466,86.22390747070312
298,Data-Driven FNO,0.3734215199947357,164.76406860351562
299,PI-FNO,0.5647612810134888,45.49148178100586
299,Data-Driven FNO,0.5820717811584473,50.856895446777344
300,PI-FNO,0.347194641828537,8.539201736450195
300,Data-Driven FNO,0.3035218119621277,15.228261947631836
301,PI-FNO,0.45039159059524536,29.038450241088867
301,Data-Driven FNO,0.5444371104240417,46.9814338684082
302,PI-FNO,0.27239474654197693,15.058464050292969
302,Data-Driven FNO,0.319224089384079,25.641878128051758
303,PI-FNO,0.3058696985244751,24.22167205810547
303,Data-Driven FNO,0.30502498149871826,56.952213287353516
304,PI-FNO,0.7777040004730225,9.456694602966309
304,Data-Driven FNO,0.7744227051734924,14.50091552734375
305,PI-FNO,0.32805919647216797,88.03619384765625
305,Data-Driven FNO,0.3265421390533447,158.9209747314453
306,PI-FNO,0.9758127331733704,16.35831642150879
306,Data-Driven FNO,0.967275083065033,20.083208084106445
307,PI-FNO,0.35066285729408264,167.3657684326172
307,Data-Driven FNO,0.3643639087677002,221.16217041015625
308,PI-FNO,0.7675459980964661,30.292438507080078
308,Data-Driven FNO,0.722000777721405,32.24733352661133
309,PI-FNO,0.997406542301178,4.4047393798828125
309,Data-Driven FNO,0.9730880260467529,6.09338903427124
310,PI-FNO,0.3964495062828064,40.747501373291016
310,Data-Driven FNO,0.38744211196899414,68.89349365234375
311,PI-FNO,0.30256322026252747,13.55045223236084
311,Data-Driven FNO,0.3315375745296478,25.12244987487793
312,PI-FNO,0.6735462546348572,36.30316162109375
312,Data-Driven FNO,0.6546964049339294,52.92081832885742
313,PI-FNO,0.29159030318260193,3.186561346054077
313,Data-Driven FNO,0.3184816837310791,6.873889923095703
314,PI-FNO,0.616141676902771,83.94235229492188
314,Data-Driven FNO,0.6397181749343872,106.70728302001953
315,PI-FNO,0.551600456237793,126.08259582519531
315,Data-Driven FNO,0.5747857689857483,230.63336181640625
316,PI-FNO,0.3188217282295227,7.612755298614502
316,Data-Driven FNO,0.3704841732978821,13.583693504333496
317,PI-FNO,0.3819766044616699,79.891845703125
317,Data-Driven FNO,0.3664756119251251,133.64927673339844
318,PI-FNO,0.4263917803764343,59.7846565246582
318,Data-Driven FNO,0.45333483815193176,73.55387878417969
319,PI-FNO,0.5546985864639282,66.73780059814453
319,Data-Driven FNO,0.5740980505943298,116.3077621459961
320,PI-FNO,0.3687675893306732,38.58444595336914
320,Data-Driven FNO,0.3680734932422638,71.42646789550781
321,PI-FNO,0.6135846376419067,56.01688766479492
321,Data-Driven FNO,0.5832433104515076,83.20659637451172
322,PI-FNO,0.664977490901947,19.505775451660156
322,Data-Driven FNO,0.5803545117378235,35.81450271606445
323,PI-FNO,0.17086349427700043,56.05170440673828
323,Data-Driven FNO,0.21201413869857788,116.46395111083984
324,PI-FNO,0.5179905891418457,62.238380432128906
324,Data-Driven FNO,0.4968331456184387,118.83368682861328
325,PI-FNO,0.3011150360107422,101.02290344238281
325,Data-Driven FNO,0.37831902503967285,174.17576599121094
326,PI-FNO,0.44053342938423157,53.20571517944336
326,Data-Driven FNO,0.47770512104034424,88.00811004638672
327,PI-FNO,0.305623859167099,21.52145004272461
327,Data-Driven FNO,0.340321809053421,39.628170013427734
328,PI-FNO,0.4420786201953888,19.16509437561035
328,Data-Driven FNO,0.506726861000061,31.386747360229492
329,PI-FNO,0.17782828211784363,28.27972412109375
329,Data-Driven FNO,0.23365581035614014,53.019309997558594
330,PI-FNO,0.4806957244873047,21.734905242919922
330,Data-Driven FNO,0.5316124558448792,35.7584114074707
331,PI-FNO,0.4787874221801758,7.6897382736206055
331,Data-Driven FNO,0.453433632850647,14.214877128601074
332,PI-FNO,0.31167545914649963,66.86302947998047
332,Data-Driven FNO,0.3679324984550476,87.00296783447266
333,PI-FNO,0.5632932186126709,39.355384826660156
333,Data-Driven FNO,0.5843188762664795,64.5066909790039
334,PI-FNO,0.3091791570186615,127.82030487060547
334,Data-Driven FNO,0.3739628493785858,185.7853240966797
335,PI-FNO,0.5543765425682068,251.07769775390625
335,Data-Driven FNO,0.5860273241996765,366.4042663574219
336,PI-FNO,0.5662195086479187,44.44821548461914
336,Data-Driven FNO,0.529158353805542,56.25685119628906
337,PI-FNO,0.4438408315181732,15.937860488891602
337,Data-Driven FNO,0.5040296316146851,34.99169158935547
338,PI-FNO,0.6352907419204712,78.06936645507812
338,Data-Driven FNO,0.6889296770095825,131.7052001953125
339,PI-FNO,0.40747198462486267,50.93291473388672
339,Data-Driven FNO,0.48374804854393005,95.64802551269531
340,PI-FNO,0.47655951976776123,39.96413803100586
340,Data-Driven FNO,0.5160301327705383,61.46401596069336
341,PI-FNO,0.19454890489578247,7.019367218017578
341,Data-Driven FNO,0.21822410821914673,11.84304141998291
342,PI-FNO,0.5090004801750183,32.2825813293457
342,Data-Driven FNO,0.5360448360443115,50.610801696777344
343,PI-FNO,0.42110997438430786,17.106992721557617
343,Data-Driven FNO,0.448302298784256,31.10982322692871
344,PI-FNO,0.47619256377220154,17.852731704711914
344,Data-Driven FNO,0.4140084981918335,34.22526168823242
345,PI-FNO,0.4584980607032776,126.03564453125
345,Data-Driven FNO,0.552568256855011,223.0782928466797
346,PI-FNO,0.8438065648078918,29.942138671875
346,Data-Driven FNO,0.7503198981285095,49.86949157714844
347,PI-FNO,0.2424812763929367,33.479122161865234
347,Data-Driven FNO,0.26291194558143616,65.9798812866211
348,PI-FNO,0.32870161533355713,71.61420440673828
348,Data-Driven FNO,0.39826223254203796,103.21894073486328
349,PI-FNO,0.5579232573509216,53.3902587890625
349,Data-Driven FNO,0.5861192345619202,103.75496673583984
350,PI-FNO,0.6312263011932373,37.43881607055664
350,Data-Driven FNO,0.5970680713653564,61.14702606201172
351,PI-FNO,0.5176633596420288,45.219276428222656
351,Data-Driven FNO,0.5292079448699951,81.83524322509766
352,PI-FNO,0.6804985404014587,122.8722152709961
352,Data-Driven FNO,0.7238656878471375,165.87298583984375
353,PI-FNO,0.2539646029472351,43.0132942199707
353,Data-Driven FNO,0.28176164627075195,71.29254913330078
354,PI-FNO,0.3885161876678467,18.508846282958984
354,Data-Driven FNO,0.35377541184425354,30.984542846679688
355,PI-FNO,0.3963773846626282,57.28202438354492
355,Data-Driven FNO,0.4095756411552429,101.12899017333984
356,PI-FNO,0.8814747333526611,6.533586502075195
356,Data-Driven FNO,0.902463972568512,9.475489616394043
357,PI-FNO,0.4629875123500824,16.566957473754883
357,Data-Driven FNO,0.4770071804523468,33.238773345947266
358,PI-FNO,0.48203790187835693,8.037240982055664
358,Data-Driven FNO,0.4462049603462219,11.133369445800781
359,PI-FNO,0.6768125891685486,17.94952964782715
359,Data-Driven FNO,0.7447801232337952,33.779911041259766
360,PI-FNO,0.4771212935447693,121.32304382324219
360,Data-Driven FNO,0.49896880984306335,181.57373046875
361,PI-FNO,0.3066062033176422,145.3982391357422
361,Data-Driven FNO,0.3144921362400055,187.29884338378906
362,PI-FNO,0.6079875826835632,59.43113708496094
362,Data-Driven FNO,0.5888273119926453,123.7275619506836
363,PI-FNO,0.6493134498596191,69.38717651367188
363,Data-Driven FNO,0.6442832350730896,107.17467498779297
364,PI-FNO,0.5416504144668579,12.383275985717773
364,Data-Driven FNO,0.5391344428062439,26.626842498779297
365,PI-FNO,0.22448351979255676,65.92236328125
365,Data-Driven FNO,0.2709921896457672,121.80620574951172
366,PI-FNO,0.6055524349212646,225.41091918945312
366,Data-Driven FNO,0.5795466303825378,248.44325256347656
367,PI-FNO,0.7511283755302429,2.4931535720825195
367,Data-Driven FNO,0.8348432779312134,6.752892971038818
368,PI-FNO,0.6538234353065491,38.80512619018555
368,Data-Driven FNO,0.682330846786499,64.03817749023438
369,PI-FNO,0.5391318798065186,15.988966941833496
369,Data-Driven FNO,0.5486314296722412,21.935020446777344
370,PI-FNO,0.6224278807640076,3.1797587871551514
370,Data-Driven FNO,0.6455888748168945,9.157624244689941
371,PI-FNO,0.47246676683425903,22.85602569580078
371,Data-Driven FNO,0.40877658128738403,36.944549560546875
372,PI-FNO,0.2950754165649414,22.866897583007812
372,Data-Driven FNO,0.30172422528266907,46.28125
373,PI-FNO,0.4354299306869507,13.70839786529541
373,Data-Driven FNO,0.4688570201396942,18.007556915283203
374,PI-FNO,0.48570942878723145,29.859050750732422
374,Data-Driven FNO,0.5634599924087524,57.49082946777344
375,PI-FNO,0.33400529623031616,24.328369140625
375,Data-Driven FNO,0.38263145089149475,44.87342834472656
376,PI-FNO,0.3145659267902374,34.871742248535156
376,Data-Driven FNO,0.3909747302532196,69.02925109863281
377,PI-FNO,0.5279017090797424,102.22274017333984
377,Data-Driven FNO,0.5585101246833801,208.8257293701172
378,PI-FNO,0.4963419735431671,85.3174057006836
378,Data-Driven FNO,0.5618664026260376,129.91949462890625
379,PI-FNO,0.40448468923568726,60.836116790771484
379,Data-Driven FNO,0.41984623670578003,89.98622131347656
380,PI-FNO,0.4621843099594116,71.7863540649414
380,Data-Driven FNO,0.5047957897186279,83.16300201416016
381,PI-FNO,0.44512924551963806,128.96656799316406
381,Data-Driven FNO,0.4603579342365265,229.63487243652344
382,PI-FNO,0.6969443559646606,6.859203815460205
382,Data-Driven FNO,0.7648305296897888,12.212032318115234
383,PI-FNO,1.019534707069397,11.559000968933105
383,Data-Driven FNO,1.0738060474395752,16.66370391845703
384,PI-FNO,0.34331271052360535,29.27149772644043
384,Data-Driven FNO,0.36160534620285034,55.813899993896484
385,PI-FNO,0.37831130623817444,20.299531936645508
385,Data-Driven FNO,0.38330021500587463,42.383697509765625
386,PI-FNO,0.3510836064815521,35.50358963012695
386,Data-Driven FNO,0.321432888507843,53.081668853759766
387,PI-FNO,0.1922587901353836,32.0671501159668
387,Data-Driven FNO,0.23043447732925415,57.558414459228516
388,PI-FNO,0.39044949412345886,90.76904296875
388,Data-Driven FNO,0.4569716453552246,144.84378051757812
389,PI-FNO,0.20551089942455292,29.58292007446289
389,Data-Driven FNO,0.24020162224769592,52.08232498168945
390,PI-FNO,0.39488330483436584,46.044803619384766
390,Data-Driven FNO,0.39297226071357727,67.44355773925781
391,PI-FNO,0.5255987644195557,79.943359375
391,Data-Driven FNO,0.5700827240943909,115.91325378417969
392,PI-FNO,0.6286298036575317,10.318801879882812
392,Data-Driven FNO,0.6279918551445007,17.13844871520996
393,PI-FNO,0.3944089412689209,24.78925323486328
393,Data-Driven FNO,0.41198256611824036,32.14714050292969
394,PI-FNO,0.45152369141578674,113.78206634521484
394,Data-Driven FNO,0.45285215973854065,170.0416717529297
395,PI-FNO,0.4912872612476349,286.4102478027344
395,Data-Driven FNO,0.4961305558681488,404.82684326171875
396,PI-FNO,0.4676060974597931,54.113670349121094
396,Data-Driven FNO,0.4863228499889374,112.46766662597656
397,PI-FNO,0.40278172492980957,43.2341423034668
397,Data-Driven FNO,0.41951900720596313,66.69586181640625
398,PI-FNO,0.4976189136505127,104.28192901611328
398,Data-Driven FNO,0.5015068650245667,144.9260711669922
399,PI-FNO,0.41630324721336365,11.393481254577637
399,Data-Driven FNO,0.37895163893699646,19.343151092529297
400,PI-FNO,0.6392109394073486,38.74037170410156
400,Data-Driven FNO,0.6496111154556274,44.721702575683594
401,PI-FNO,0.5143505930900574,31.35843849182129
401,Data-Driven FNO,0.5055013298988342,63.924068450927734
402,PI-FNO,0.26190701127052307,67.49238586425781
402,Data-Driven FNO,0.29252907633781433,117.15461730957031
403,PI-FNO,0.575327455997467,16.946819305419922
403,Data-Driven FNO,0.5779840350151062,32.33464431762695
404,PI-FNO,0.29556623101234436,6.7753682136535645
404,Data-Driven FNO,0.30780595541000366,13.566386222839355
405,PI-FNO,0.427874892950058,44.65561294555664
405,Data-Driven FNO,0.453329861164093,61.82891082763672
406,PI-FNO,0.38323113322257996,50.10883331298828
406,Data-Driven FNO,0.4178968369960785,103.43660736083984
407,PI-FNO,0.41978102922439575,10.38659381866455
407,Data-Driven FNO,0.43771257996559143,20.10839080810547
408,PI-FNO,0.2637074589729309,61.289337158203125
408,Data-Driven FNO,0.2957887649536133,106.82006072998047
409,PI-FNO,0.5593136548995972,83.9957046508789
409,Data-Driven FNO,0.6117153167724609,98.58306121826172
410,PI-FNO,0.4237414002418518,74.7190933227539
410,Data-Driven FNO,0.45072227716445923,126.68989562988281
411,PI-FNO,0.25057172775268555,68.09861755371094
411,Data-Driven FNO,0.26291346549987793,117.74951171875
412,PI-FNO,0.7612997889518738,49.97719955444336
412,Data-Driven FNO,0.6988568305969238,107.31904602050781
413,PI-FNO,0.2718116343021393,28.27000617980957
413,Data-Driven FNO,0.28934410214424133,55.50349807739258
414,PI-FNO,0.69775390625,27.201400756835938
414,Data-Driven FNO,0.6845393180847168,47.266319274902344
415,PI-FNO,0.7382259368896484,122.96600341796875
415,Data-Driven FNO,0.7553291916847229,217.0872802734375
416,PI-FNO,0.44793224334716797,46.874820709228516
416,Data-Driven FNO,0.42250367999076843,88.54408264160156
417,PI-FNO,0.6478134989738464,8.450814247131348
417,Data-Driven FNO,0.6739450693130493,14.411172866821289
418,PI-FNO,0.25701895356178284,23.116043090820312
418,Data-Driven FNO,0.2576488256454468,33.70134735107422
419,PI-FNO,0.3219158351421356,37.821144104003906
419,Data-Driven FNO,0.3602953851222992,47.284873962402344
420,PI-FNO,0.5343306064605713,78.71253204345703
420,Data-Driven FNO,0.48602843284606934,112.9429702758789
421,PI-FNO,0.781438946723938,5.023179054260254
421,Data-Driven FNO,0.8227919936180115,9.948820114135742
422,PI-FNO,0.3037458658218384,55.437618255615234
422,Data-Driven FNO,0.34195810556411743,96.48404693603516
423,PI-FNO,0.2925206422805786,32.78997802734375
423,Data-Driven FNO,0.32422366738319397,62.47684860229492
424,PI-FNO,0.3120366632938385,43.00865173339844
424,Data-Driven FNO,0.3503323793411255,79.9255142211914
425,PI-FNO,0.304360955953598,24.449426651000977
425,Data-Driven FNO,0.3503172993659973,30.936033248901367
426,PI-FNO,0.3368467390537262,12.964692115783691
426,Data-Driven FNO,0.30042538046836853,21.978870391845703
427,PI-FNO,0.3789835572242737,85.68351745605469
427,Data-Driven FNO,0.4206738770008087,123.01073455810547
428,PI-FNO,0.4124625027179718,84.7125473022461
428,Data-Driven FNO,0.43216273188591003,143.07118225097656
429,PI-FNO,0.6952491402626038,6.351418972015381
429,Data-Driven FNO,0.6303849816322327,11.174570083618164
430,PI-FNO,0.4050939679145813,61.093719482421875
430,Data-Driven FNO,0.4132870137691498,123.08660888671875
431,PI-FNO,0.5372575521469116,121.0346908569336
431,Data-Driven FNO,0.4879786968231201,165.9828643798828
432,PI-FNO,0.2403978854417801,114.4669418334961
432,Data-Driven FNO,0.2406596690416336,190.07095336914062
433,PI-FNO,0.41459909081459045,47.960365295410156
433,Data-Driven FNO,0.4898631274700165,73.1717300415039
434,PI-FNO,0.7223349213600159,5.705551624298096
434,Data-Driven FNO,0.7359203696250916,12.404376029968262
435,PI-FNO,0.5924558639526367,7.749257564544678
435,Data-Driven FNO,0.6357964277267456,16.176837921142578
436,PI-FNO,0.28370532393455505,24.369176864624023
436,Data-Driven FNO,0.3288928270339966,51.45757293701172
437,PI-FNO,0.5451912879943848,92.40359497070312
437,Data-Driven FNO,0.5631530284881592,206.4219970703125
438,PI-FNO,0.4182978570461273,64.8692626953125
438,Data-Driven FNO,0.4962656497955322,133.37200927734375
439,PI-FNO,0.5275981426239014,42.52754592895508
439,Data-Driven FNO,0.5410624146461487,76.27679443359375
440,PI-FNO,0.35782596468925476,45.24031448364258
440,Data-Driven FNO,0.3929198682308197,99.81214141845703
441,PI-FNO,0.5274257659912109,50.41205978393555
441,Data-Driven FNO,0.4952036738395691,63.432777404785156
442,PI-FNO,0.6294649839401245,148.64292907714844
442,Data-Driven FNO,0.650606095790863,248.71624755859375
443,PI-FNO,0.5133978128433228,21.832937240600586
443,Data-Driven FNO,0.5817086100578308,38.574501037597656
444,PI-FNO,0.3858376443386078,136.62252807617188
444,Data-Driven FNO,0.44417062401771545,154.55804443359375
445,PI-FNO,0.21377277374267578,43.52027893066406
445,Data-Driven FNO,0.23902912437915802,72.6900405883789
446,PI-FNO,0.6301662921905518,18.960729598999023
446,Data-Driven FNO,0.6588632464408875,27.90541648864746
447,PI-FNO,0.5885834097862244,44.58928680419922
447,Data-Driven FNO,0.5890048742294312,74.21786499023438
448,PI-FNO,0.3178783655166626,73.05194854736328
448,Data-Driven FNO,0.31835097074508667,132.35995483398438
449,PI-FNO,0.4009833335876465,106.9243392944336
449,Data-Driven FNO,0.4124147295951843,166.37173461914062
450,PI-FNO,0.48615774512290955,17.618247985839844
450,Data-Driven FNO,0.5078375935554504,39.017601013183594
451,PI-FNO,0.39961785078048706,29.178146362304688
451,Data-Driven FNO,0.412492036819458,58.6663932800293
452,PI-FNO,0.4562298357486725,11.804144859313965
452,Data-Driven FNO,0.403425931930542,19.737430572509766
453,PI-FNO,0.7258373498916626,83.84935760498047
453,Data-Driven FNO,0.6987985968589783,147.33294677734375
454,PI-FNO,0.26589304208755493,20.643503189086914
454,Data-Driven FNO,0.3005320429801941,41.7562141418457
455,PI-FNO,0.38726410269737244,89.74343872070312
455,Data-Driven FNO,0.363084614276886,109.11883544921875
456,PI-FNO,0.29688015580177307,36.078853607177734
456,Data-Driven FNO,0.32571929693222046,57.95731735229492
457,PI-FNO,0.6930431127548218,33.211795806884766
457,Data-Driven FNO,0.7062544226646423,46.391868591308594
458,PI-FNO,0.46176064014434814,31.895248413085938
458,Data-Driven FNO,0.48332807421684265,46.88264083862305
459,PI-FNO,0.9173226356506348,16.607141494750977
459,Data-Driven FNO,0.8635573387145996,17.407987594604492
460,PI-FNO,0.661697268486023,5.785174369812012
460,Data-Driven FNO,0.687949001789093,9.87341022491455
461,PI-FNO,0.6131201386451721,56.087379455566406
461,Data-Driven FNO,0.5966817140579224,84.24954223632812
462,PI-FNO,0.5210566520690918,69.10066223144531
462,Data-Driven FNO,0.5417355895042419,114.82417297363281
463,PI-FNO,0.3380797803401947,46.690086364746094
463,Data-Driven FNO,0.36037740111351013,78.14376068115234
464,PI-FNO,0.6196252107620239,153.57054138183594
464,Data-Driven FNO,0.6323181390762329,199.99356079101562
465,PI-FNO,0.2877066731452942,153.4757080078125
465,Data-Driven FNO,0.36239519715309143,184.54518127441406
466,PI-FNO,0.5153537392616272,46.073177337646484
466,Data-Driven FNO,0.5073376297950745,104.72712707519531
467,PI-FNO,0.3947320580482483,80.17301940917969
467,Data-Driven FNO,0.3868124186992645,131.0020294189453
468,PI-FNO,0.5993703603744507,17.613157272338867
468,Data-Driven FNO,0.6477000117301941,26.426237106323242
469,PI-FNO,0.45289936661720276,84.7378158569336
469,Data-Driven FNO,0.5147804021835327,118.43701171875
470,PI-FNO,0.34613746404647827,41.57189178466797
470,Data-Driven FNO,0.33449485898017883,57.34800720214844
471,PI-FNO,0.4826788306236267,59.90610122680664
471,Data-Driven FNO,0.4997568726539612,85.85668182373047
472,PI-FNO,0.5193459391593933,3.2160229682922363
472,Data-Driven FNO,0.6073852181434631,8.802932739257812
473,PI-FNO,0.39560389518737793,87.8005599975586
473,Data-Driven FNO,0.4041621685028076,120.60193634033203
474,PI-FNO,0.41108235716819763,93.70469665527344
474,Data-Driven FNO,0.47903013229370117,175.65765380859375
475,PI-FNO,0.7763847708702087,38.301151275634766
475,Data-Driven FNO,0.80140620470047,61.70643615722656
476,PI-FNO,0.5312251448631287,51.8961067199707
476,Data-Driven FNO,0.5069400072097778,100.9112319946289
477,PI-FNO,0.37638169527053833,126.9321517944336
477,Data-Driven FNO,0.4059078097343445,149.59422302246094
478,PI-FNO,0.5268467664718628,131.590087890625
478,Data-Driven FNO,0.504055917263031,160.80784606933594
479,PI-FNO,0.5705136656761169,47.145484924316406
479,Data-Driven FNO,0.5979450941085815,77.87871551513672
480,PI-FNO,0.27263447642326355,10.632794380187988
480,Data-Driven FNO,0.27803394198417664,19.9050235748291
481,PI-FNO,0.38868194818496704,32.008182525634766
481,Data-Driven FNO,0.4096285402774811,64.14533996582031
482,PI-FNO,0.49297764897346497,53.2230339050293
482,Data-Driven FNO,0.5113082528114319,62.90298080444336
483,PI-FNO,0.4899766445159912,23.25595474243164
483,Data-Driven FNO,0.501480758190155,59.8330078125
484,PI-FNO,1.0529041290283203,2.028999090194702
484,Data-Driven FNO,1.16856050491333,3.7413456439971924
485,PI-FNO,0.2871662676334381,14.83138656616211
485,Data-Driven FNO,0.2918517291545868,23.672399520874023
486,PI-FNO,0.6770524978637695,19.828296661376953
486,Data-Driven FNO,0.6953802704811096,27.243896484375
487,PI-FNO,0.45741134881973267,138.8729248046875
487,Data-Driven FNO,0.4892624318599701,220.83096313476562
488,PI-FNO,0.2441319078207016,16.155120849609375
488,Data-Driven FNO,0.2751145362854004,23.31975555419922
489,PI-FNO,0.3718731999397278,56.5427131652832
489,Data-Driven FNO,0.4569585919380188,91.67222595214844
490,PI-FNO,0.6436130404472351,47.49842834472656
490,Data-Driven FNO,0.641659677028656,60.715885162353516
491,PI-FNO,0.39713796973228455,61.730350494384766
491,Data-Driven FNO,0.4698760211467743,73.96250915527344
492,PI-FNO,0.37777453660964966,72.47198486328125
492,Data-Driven FNO,0.3639877438545227,130.0221405029297
493,PI-FNO,0.34635767340660095,17.67416000366211
493,Data-Driven FNO,0.3430962562561035,29.29364013671875
494,PI-FNO,0.47715508937835693,101.54220581054688
494,Data-Driven FNO,0.502981424331665,135.3984832763672
495,PI-FNO,0.3872588574886322,216.81997680664062
495,Data-Driven FNO,0.3912762999534607,234.8770751953125
496,PI-FNO,0.4224860370159149,23.38209342956543
496,Data-Driven FNO,0.47492507100105286,42.845333099365234
497,PI-FNO,0.38412293791770935,20.781099319458008
497,Data-Driven FNO,0.35196903347969055,33.725608825683594
498,PI-FNO,0.4469359219074249,28.12639808654785
498,Data-Driven FNO,0.4714457392692566,54.308536529541016
499,PI-FNO,0.6019590497016907,26.11444664001465
499,Data-Driven FNO,0.5936082601547241,42.893531799316406
500,PI-FNO,0.36783042550086975,51.9687614440918
500,Data-Driven FNO,0.3743519186973572,81.99799346923828
501,PI-FNO,0.35495296120643616,106.26184844970703
501,Data-Driven FNO,0.36286747455596924,166.7431182861328
502,PI-FNO,0.4137086272239685,114.10752868652344
502,Data-Driven FNO,0.4259391725063324,197.02268981933594
503,PI-FNO,0.43471115827560425,27.67363739013672
503,Data-Driven FNO,0.4605569839477539,46.688636779785156
504,PI-FNO,0.3595093786716461,77.98987579345703
504,Data-Driven FNO,0.40032026171684265,147.3821258544922
505,PI-FNO,0.25233301520347595,5.738100051879883
505,Data-Driven FNO,0.28533583879470825,12.06829833984375
506,PI-FNO,0.32085517048835754,25.661602020263672
506,Data-Driven FNO,0.35160645842552185,40.412879943847656
507,PI-FNO,0.5319498777389526,24.952238082885742
507,Data-Driven FNO,0.5167368054389954,37.779354095458984
508,PI-FNO,0.5992373824119568,32.842384338378906
508,Data-Driven FNO,0.6167212724685669,41.70768356323242
509,PI-FNO,0.7153372168540955,12.48962688446045
509,Data-Driven FNO,0.6895779371261597,19.573226928710938
510,PI-FNO,0.4578295052051544,39.3481330871582
510,Data-Driven FNO,0.49922266602516174,57.99613571166992
511,PI-FNO,0.7714007496833801,384.51727294921875
511,Data-Driven FNO,0.8194175958633423,535.6111450195312
512,PI-FNO,0.37710168957710266,35.86354446411133
512,Data-Driven FNO,0.40344753861427307,50.024173736572266
513,PI-FNO,0.4981498420238495,12.38318157196045
513,Data-Driven FNO,0.5475196838378906,22.62412452697754
514,PI-FNO,0.23595021665096283,21.018051147460938
514,Data-Driven FNO,0.27277880907058716,39.0589714050293
515,PI-FNO,0.41514840722084045,82.65148162841797
515,Data-Driven FNO,0.4402408301830292,131.68406677246094
516,PI-FNO,0.3291722536087036,53.801795959472656
516,Data-Driven FNO,0.3592529892921448,124.2503890991211
517,PI-FNO,0.542937695980072,37.431434631347656
517,Data-Driven FNO,0.5292648673057556,47.23737335205078
518,PI-FNO,0.36666440963745117,155.5524139404297
518,Data-Driven FNO,0.351756751537323,215.3433837890625
519,PI-FNO,0.5640941262245178,62.833465576171875
519,Data-Driven FNO,0.6686049699783325,90.70618438720703
520,PI-FNO,0.4506422281265259,52.1531867980957
520,Data-Driven FNO,0.451877623796463,89.73825073242188
521,PI-FNO,0.32508862018585205,18.269075393676758
521,Data-Driven FNO,0.3249192535877228,44.84474182128906
522,PI-FNO,0.4633936285972595,51.11679458618164
522,Data-Driven FNO,0.4601227939128876,80.28024291992188
523,PI-FNO,1.0160170793533325,2.3492352962493896
523,Data-Driven FNO,1.026505708694458,4.019491195678711
524,PI-FNO,0.423793762922287,123.4676284790039
524,Data-Driven FNO,0.4393530488014221,198.54075622558594
525,PI-FNO,0.3884737491607666,11.059252738952637
525,Data-Driven FNO,0.4152790307998657,20.964900970458984
526,PI-FNO,0.3363361656665802,24.300918579101562
526,Data-Driven FNO,0.3755253553390503,50.02470016479492
527,PI-FNO,0.4642769694328308,36.37376403808594
527,Data-Driven FNO,0.45870643854141235,51.712310791015625
528,PI-FNO,0.4147031307220459,50.433834075927734
528,Data-Driven FNO,0.4297522306442261,101.87698364257812
529,PI-FNO,0.3668879568576813,14.806356430053711
529,Data-Driven FNO,0.35651224851608276,21.82672882080078
530,PI-FNO,0.21396292746067047,92.0536880493164
530,Data-Driven FNO,0.2285139262676239,173.63250732421875
531,PI-FNO,0.42673662304878235,9.299254417419434
531,Data-Driven FNO,0.4010210633277893,18.99347496032715
532,PI-FNO,0.2718183994293213,32.08513259887695
532,Data-Driven FNO,0.322824627161026,55.30582809448242
533,PI-FNO,0.5437279939651489,94.08197021484375
533,Data-Driven FNO,0.5426921844482422,130.2006378173828
534,PI-FNO,0.31956276297569275,103.31999206542969
534,Data-Driven FNO,0.29460012912750244,157.75379943847656
535,PI-FNO,0.4765062928199768,43.548927307128906
535,Data-Driven FNO,0.4957103133201599,78.6854476928711
536,PI-FNO,0.2513398230075836,51.186431884765625
536,Data-Driven FNO,0.2929052710533142,70.64263916015625
537,PI-FNO,0.20378150045871735,17.674833297729492
537,Data-Driven FNO,0.28328937292099,25.960969924926758
538,PI-FNO,0.20664408802986145,15.671630859375
538,Data-Driven FNO,0.21591614186763763,26.357189178466797
539,PI-FNO,0.2644961178302765,72.83007049560547
539,Data-Driven FNO,0.3290020823478699,98.35794067382812
540,PI-FNO,0.2666779160499573,63.71525955200195
540,Data-Driven FNO,0.279480904340744,106.21825408935547
541,PI-FNO,0.6067751049995422,105.00578308105469
541,Data-Driven FNO,0.611047089099884,159.296875
542,PI-FNO,0.26517051458358765,8.794534683227539
542,Data-Driven FNO,0.32687294483184814,17.828584671020508
543,PI-FNO,0.4993446171283722,97.00466918945312
543,Data-Driven FNO,0.5208216309547424,140.79908752441406
544,PI-FNO,0.4536571502685547,90.01483917236328
544,Data-Driven FNO,0.43853822350502014,151.8270721435547
545,PI-FNO,0.4615330398082733,77.72698974609375
545,Data-Driven FNO,0.4481300413608551,149.91098022460938
546,PI-FNO,0.24678201973438263,39.504966735839844
546,Data-Driven FNO,0.2723041772842407,68.15196228027344
547,PI-FNO,0.8102099895477295,4.048990726470947
547,Data-Driven FNO,0.8104032278060913,5.173895835876465
548,PI-FNO,0.2757657766342163,98.27897644042969
548,Data-Driven FNO,0.34790101647377014,146.49053955078125
549,PI-FNO,0.5712908506393433,12.340097427368164
549,Data-Driven FNO,0.5044764876365662,24.65115737915039
550,PI-FNO,0.25623100996017456,98.0227279663086
550,Data-Driven FNO,0.2519238591194153,186.0315704345703
551,PI-FNO,0.43393442034721375,23.293912887573242
551,Data-Driven FNO,0.4726623296737671,39.75043487548828
552,PI-FNO,0.510589063167572,67.42784118652344
552,Data-Driven FNO,0.5231379866600037,103.04617309570312
553,PI-FNO,0.35852569341659546,15.926667213439941
553,Data-Driven FNO,0.38320738077163696,27.881563186645508
554,PI-FNO,0.26782917976379395,18.982881546020508
554,Data-Driven FNO,0.27461111545562744,37.871246337890625
555,PI-FNO,0.39551785588264465,13.967316627502441
555,Data-Driven FNO,0.36236193776130676,25.791858673095703
556,PI-FNO,0.6719275712966919,3.6966323852539062
556,Data-Driven FNO,0.6908934712409973,6.843310832977295
557,PI-FNO,0.42317599058151245,19.342557907104492
557,Data-Driven FNO,0.523539662361145,32.20317840576172
558,PI-FNO,0.7449288368225098,41.800270080566406
558,Data-Driven FNO,0.7389748692512512,71.74894714355469
559,PI-FNO,0.6518439650535583,31.7983341217041
559,Data-Driven FNO,0.6458556056022644,47.73673629760742
560,PI-FNO,0.3605821430683136,9.468445777893066
560,Data-Driven FNO,0.31485775113105774,14.345300674438477
561,PI-FNO,0.5202491879463196,34.552818298339844
561,Data-Driven FNO,0.5661695599555969,50.1113395690918
562,PI-FNO,0.6434688568115234,147.89492797851562
562,Data-Driven FNO,0.6916895508766174,218.82276916503906
563,PI-FNO,0.38537347316741943,30.611906051635742
563,Data-Driven FNO,0.40442630648612976,44.6770133972168
564,PI-FNO,0.39137008786201477,37.5037841796875
564,Data-Driven FNO,0.44190549850463867,65.00247955322266
565,PI-FNO,0.4792655110359192,38.59426498413086
565,Data-Driven FNO,0.46472349762916565,64.50110626220703
566,PI-FNO,0.7608917951583862,21.066556930541992
566,Data-Driven FNO,0.7685690522193909,22.623682022094727
567,PI-FNO,0.45565807819366455,48.69852828979492
567,Data-Driven FNO,0.42845237255096436,67.0467758178711
568,PI-FNO,0.4217245876789093,31.84787940979004
568,Data-Driven FNO,0.4611878991127014,59.1235237121582
569,PI-FNO,0.617423951625824,200.2227020263672
569,Data-Driven FNO,0.6698276400566101,314.4058532714844
570,PI-FNO,0.4175069034099579,39.7147102355957
570,Data-Driven FNO,0.35691648721694946,63.53160095214844
571,PI-FNO,0.6683854460716248,33.341835021972656
571,Data-Driven FNO,0.6503656506538391,37.087337493896484
572,PI-FNO,0.6100074648857117,107.6510238647461
572,Data-Driven FNO,0.6390373706817627,169.88523864746094
573,PI-FNO,0.4578877389431,15.332176208496094
573,Data-Driven FNO,0.45828014612197876,27.00029182434082
574,PI-FNO,0.43885621428489685,114.38156127929688
574,Data-Driven FNO,0.4175698757171631,142.0452117919922
575,PI-FNO,0.5540492534637451,14.968033790588379
575,Data-Driven FNO,0.6189072728157043,31.900127410888672
576,PI-FNO,0.2461521476507187,67.68685150146484
576,Data-Driven FNO,0.28227049112319946,107.56453704833984
577,PI-FNO,0.7348589301109314,25.409482955932617
577,Data-Driven FNO,0.7181535363197327,32.32648849487305
578,PI-FNO,0.4158429801464081,20.82865333557129
578,Data-Driven FNO,0.4518434703350067,37.63911056518555
579,PI-FNO,0.6312770247459412,72.3174057006836
579,Data-Driven FNO,0.6659789681434631,100.20177459716797
580,PI-FNO,0.26692402362823486,54.638301849365234
580,Data-Driven FNO,0.2878630459308624,127.1319808959961
581,PI-FNO,0.21671608090400696,19.44171142578125
581,Data-Driven FNO,0.25883108377456665,38.338497161865234
582,PI-FNO,0.35856345295906067,16.769580841064453
582,Data-Driven FNO,0.3601500988006592,30.178730010986328
583,PI-FNO,0.713622510433197,147.35641479492188
583,Data-Driven FNO,0.7193835973739624,275.50653076171875
584,PI-FNO,0.5407631993293762,69.08545684814453
584,Data-Driven FNO,0.5840998291969299,116.7748794555664
585,PI-FNO,0.47531747817993164,61.563751220703125
585,Data-Driven FNO,0.5581448674201965,99.52051544189453
586,PI-FNO,0.5675891041755676,21.69261360168457
586,Data-Driven FNO,0.5410537123680115,32.2918586730957
587,PI-FNO,0.3493292033672333,16.042287826538086
587,Data-Driven FNO,0.4001609981060028,24.936586380004883
588,PI-FNO,0.3814396858215332,18.128101348876953
588,Data-Driven FNO,0.38945838809013367,39.80276107788086
589,PI-FNO,0.31944575905799866,55.381378173828125
589,Data-Driven FNO,0.3068142533302307,92.85921478271484
590,PI-FNO,0.33200329542160034,23.588346481323242
590,Data-Driven FNO,0.3689347803592682,43.23747634887695
591,PI-FNO,0.24570102989673615,35.59450912475586
591,Data-Driven FNO,0.2548498809337616,59.61531448364258
592,PI-FNO,0.3553799092769623,37.99480438232422
592,Data-Driven FNO,0.39716455340385437,61.69599533081055
593,PI-FNO,0.6471471786499023,14.52107048034668
593,Data-Driven FNO,0.5563876628875732,22.114938735961914
594,PI-FNO,0.4231523275375366,2.0524680614471436
594,Data-Driven FNO,0.38121429085731506,3.670438289642334
595,PI-FNO,0.5379425287246704,19.96632957458496
595,Data-Driven FNO,0.5301730036735535,46.45073699951172
596,PI-FNO,0.2718659043312073,3.6686360836029053
596,Data-Driven FNO,0.32826459407806396,6.862465858459473
597,PI-FNO,0.3907226026058197,28.347265243530273
597,Data-Driven FNO,0.35143300890922546,52.033668518066406
598,PI-FNO,0.317233681678772,27.62845230102539
598,Data-Driven FNO,0.33027639985084534,49.45939254760742
599,PI-FNO,0.5893115401268005,4.841127395629883
599,Data-Driven FNO,0.4573238492012024,8.786767959594727
600,PI-FNO,0.4194064736366272,61.338356018066406
600,Data-Driven FNO,0.4448384940624237,101.7726821899414
601,PI-FNO,0.3253936171531677,17.745180130004883
601,Data-Driven FNO,0.3445495665073395,29.87348175048828
602,PI-FNO,0.4452589750289917,111.34595489501953
602,Data-Driven FNO,0.5343856811523438,163.4606475830078
603,PI-FNO,0.36980316042900085,5.2927021980285645
603,Data-Driven FNO,0.3484257161617279,8.370268821716309
604,PI-FNO,0.2860807180404663,52.94294357299805
604,Data-Driven FNO,0.3021419048309326,90.21321868896484
605,PI-FNO,0.400380939245224,48.9257926940918
605,Data-Driven FNO,0.4331667423248291,93.64979553222656
606,PI-FNO,0.781923770904541,3.07088041305542
606,Data-Driven FNO,0.8420695066452026,5.621139049530029
607,PI-FNO,0.41029733419418335,77.9730453491211
607,Data-Driven FNO,0.4298155903816223,146.51699829101562
608,PI-FNO,0.3869277238845825,20.56209373474121
608,Data-Driven FNO,0.37713325023651123,33.633934020996094
609,PI-FNO,0.6920257806777954,4.219760417938232
609,Data-Driven FNO,0.6468253135681152,9.532197952270508
610,PI-FNO,0.42153283953666687,36.22529220581055
610,Data-Driven FNO,0.44673171639442444,59.75466537475586
611,PI-FNO,0.4382474422454834,130.33021545410156
611,Data-Driven FNO,0.4503077268600464,262.4988708496094
612,PI-FNO,0.47641515731811523,58.687782287597656
612,Data-Driven FNO,0.4922255277633667,107.50010681152344
613,PI-FNO,0.7000711560249329,192.0894012451172
613,Data-Driven FNO,0.7325242757797241,290.4873046875
614,PI-FNO,0.22932168841362,30.092893600463867
614,Data-Driven FNO,0.3308805227279663,40.3177375793457
615,PI-FNO,0.41083115339279175,80.4616928100586
615,Data-Driven FNO,0.4303398132324219,107.78618621826172
616,PI-FNO,0.485939085483551,74.82174682617188
616,Data-Driven FNO,0.4764346480369568,117.66690826416016
617,PI-FNO,0.5714446306228638,12.64953327178955
617,Data-Driven FNO,0.608104944229126,21.878883361816406
618,PI-FNO,0.3439650535583496,267.7471923828125
618,Data-Driven FNO,0.33111292123794556,395.11358642578125
619,PI-FNO,0.22942203283309937,27.057476043701172
619,Data-Driven FNO,0.28675439953804016,52.627830505371094
620,PI-FNO,0.48414409160614014,50.499351501464844
620,Data-Driven FNO,0.4740642011165619,87.55813598632812
621,PI-FNO,0.27923664450645447,11.917810440063477
621,Data-Driven FNO,0.3112424314022064,23.81064224243164
622,PI-FNO,0.2640378177165985,66.1373519897461
622,Data-Driven FNO,0.2649633586406708,98.62677001953125
623,PI-FNO,0.5144756436347961,12.45081901550293
623,Data-Driven FNO,0.5514838099479675,28.72018814086914
624,PI-FNO,0.2760171592235565,13.01496410369873
624,Data-Driven FNO,0.2930591404438019,26.62674903869629
625,PI-FNO,0.4379315972328186,97.3597640991211
625,Data-Driven FNO,0.4618762731552124,187.83609008789062
626,PI-FNO,0.3440827429294586,49.027130126953125
626,Data-Driven FNO,0.38084080815315247,90.17459106445312
627,PI-FNO,0.3148820102214813,63.53910446166992
627,Data-Driven FNO,0.3417733609676361,96.73541259765625
628,PI-FNO,0.19703644514083862,26.71504020690918
628,Data-Driven FNO,0.21693436801433563,46.14999771118164
629,PI-FNO,0.7881702184677124,9.613943099975586
629,Data-Driven FNO,0.8253546357154846,18.881601333618164
630,PI-FNO,0.4198448657989502,39.151981353759766
630,Data-Driven FNO,0.41769734025001526,78.11734771728516
631,PI-FNO,0.36000049114227295,51.19428634643555
631,Data-Driven FNO,0.3865145742893219,92.49056243896484
632,PI-FNO,0.3048049807548523,90.87110137939453
632,Data-Driven FNO,0.3237527310848236,153.20826721191406
633,PI-FNO,1.102308988571167,1.7082617282867432
633,Data-Driven FNO,0.9999544024467468,2.9343481063842773
634,PI-FNO,0.868010938167572,4.103212833404541
634,Data-Driven FNO,0.7349774241447449,7.181788444519043
635,PI-FNO,0.3453375995159149,9.996352195739746
635,Data-Driven FNO,0.3847615122795105,17.422086715698242
636,PI-FNO,0.604060173034668,270.5355529785156
636,Data-Driven FNO,0.6346900463104248,333.8393249511719
637,PI-FNO,0.3326849639415741,30.683626174926758
637,Data-Driven FNO,0.40567389130592346,52.150901794433594
638,PI-FNO,0.26467955112457275,59.73261642456055
638,Data-Driven FNO,0.2968515455722809,98.75720977783203
639,PI-FNO,0.41571077704429626,32.221702575683594
639,Data-Driven FNO,0.45732519030570984,64.3730697631836
640,PI-FNO,0.4909946620464325,24.35049819946289
640,Data-Driven FNO,0.49271517992019653,43.20059585571289
641,PI-FNO,0.3794909715652466,98.97897338867188
641,Data-Driven FNO,0.3865363597869873,172.0156707763672
642,PI-FNO,0.3054925799369812,111.19563293457031
642,Data-Driven FNO,0.3339771032333374,165.8956298828125
643,PI-FNO,0.45077723264694214,33.97203826904297
643,Data-Driven FNO,0.5439677834510803,55.801979064941406
644,PI-FNO,0.25105854868888855,32.68008804321289
644,Data-Driven FNO,0.2602332532405853,51.767642974853516
645,PI-FNO,0.4227452576160431,4.876126289367676
645,Data-Driven FNO,0.4134473502635956,8.495987892150879
646,PI-FNO,0.6025124192237854,60.23536682128906
646,Data-Driven FNO,0.5814045071601868,89.69770050048828
647,PI-FNO,0.4888077676296234,5.7690534591674805
647,Data-Driven FNO,0.5299320220947266,15.63735580444336
648,PI-FNO,0.5704436898231506,130.26022338867188
648,Data-Driven FNO,0.5944494009017944,165.3258819580078
649,PI-FNO,0.2647530138492584,35.917335510253906
649,Data-Driven FNO,0.2846347391605377,61.55324935913086
650,PI-FNO,0.39091694355010986,15.874341011047363
650,Data-Driven FNO,0.39525118470191956,31.37876319885254
651,PI-FNO,0.3363739848136902,6.8373870849609375
651,Data-Driven FNO,0.36024370789527893,19.407127380371094
652,PI-FNO,0.2712083160877228,56.6453971862793
652,Data-Driven FNO,0.2986479103565216,108.4420394897461
653,PI-FNO,0.4262640178203583,15.02840805053711
653,Data-Driven FNO,0.4531444013118744,27.21493148803711
654,PI-FNO,0.32860270142555237,13.37014389038086
654,Data-Driven FNO,0.34907105565071106,27.129663467407227
655,PI-FNO,0.6117859482765198,47.03386306762695
655,Data-Driven FNO,0.5937116146087646,104.2625503540039
656,PI-FNO,0.5294520258903503,14.02454662322998
656,Data-Driven FNO,0.5500304102897644,18.26213836669922
657,PI-FNO,0.4964067339897156,42.00802993774414
657,Data-Driven FNO,0.4829534888267517,75.04154205322266
658,PI-FNO,0.6172286868095398,21.051502227783203
658,Data-Driven FNO,0.5743274092674255,33.20124816894531
659,PI-FNO,0.47042593359947205,38.6119270324707
659,Data-Driven FNO,0.437303751707077,66.31048583984375
660,PI-FNO,0.6141995787620544,79.2054443359375
660,Data-Driven FNO,0.6784874796867371,115.34761047363281
661,PI-FNO,0.4148755669593811,37.6481819152832
661,Data-Driven FNO,0.38744890689849854,59.155433654785156
662,PI-FNO,0.26224204897880554,22.4300594329834
662,Data-Driven FNO,0.3210139870643616,37.391666412353516
663,PI-FNO,0.5191238522529602,8.771537780761719
663,Data-Driven FNO,0.5738889575004578,12.134878158569336
664,PI-FNO,0.2587761878967285,84.29874420166016
664,Data-Driven FNO,0.2991095781326294,155.88735961914062
665,PI-FNO,0.30205038189888,22.26364517211914
665,Data-Driven FNO,0.31913068890571594,50.218936920166016
666,PI-FNO,0.8448794484138489,10.359570503234863
666,Data-Driven FNO,0.8316232562065125,16.971681594848633
667,PI-FNO,0.3048855662345886,11.568948745727539
667,Data-Driven FNO,0.38642197847366333,20.30573272705078
668,PI-FNO,0.5659213066101074,90.90877532958984
668,Data-Driven FNO,0.5695290565490723,155.9093475341797
669,PI-FNO,0.43873557448387146,15.46451187133789
669,Data-Driven FNO,0.4381680190563202,29.67060089111328
670,PI-FNO,0.6383721232414246,63.813167572021484
670,Data-Driven FNO,0.6985304951667786,91.66001892089844
671,PI-FNO,0.48507532477378845,90.47987365722656
671,Data-Driven FNO,0.4744498133659363,179.1786651611328
672,PI-FNO,0.6006398797035217,43.065391540527344
672,Data-Driven FNO,0.5650766491889954,68.81737518310547
673,PI-FNO,0.3809964656829834,18.711227416992188
673,Data-Driven FNO,0.39767301082611084,36.27263259887695
674,PI-FNO,0.5344986319541931,105.63196563720703
674,Data-Driven FNO,0.5336512327194214,159.4730224609375
675,PI-FNO,0.4433378279209137,54.03743362426758
675,Data-Driven FNO,0.4399929344654083,84.91962432861328
676,PI-FNO,0.8126122355461121,5.413522243499756
676,Data-Driven FNO,0.7640803456306458,13.957564353942871
677,PI-FNO,0.5174630284309387,28.589641571044922
677,Data-Driven FNO,0.5566142797470093,34.153564453125
678,PI-FNO,0.4523712396621704,47.23875427246094
678,Data-Driven FNO,0.45783790946006775,71.12517547607422
679,PI-FNO,0.23896253108978271,24.57844352722168
679,Data-Driven FNO,0.26125848293304443,46.668853759765625
680,PI-FNO,0.356696754693985,72.85034942626953
680,Data-Driven FNO,0.3864308297634125,114.17359161376953
681,PI-FNO,0.38267937302589417,21.090221405029297
681,Data-Driven FNO,0.42559814453125,32.13222122192383
682,PI-FNO,0.4868794083595276,79.53179931640625
682,Data-Driven FNO,0.5057632327079773,103.76586151123047
683,PI-FNO,0.5470894575119019,98.996337890625
683,Data-Driven FNO,0.6133431792259216,141.65870666503906
684,PI-FNO,0.53243088722229,14.36335277557373
684,Data-Driven FNO,0.5263126492500305,27.106311798095703
685,PI-FNO,0.3076803982257843,68.85723876953125
685,Data-Driven FNO,0.32704827189445496,108.90225982666016
686,PI-FNO,0.6323326826095581,15.035889625549316
686,Data-Driven FNO,0.679774820804596,33.889747619628906
687,PI-FNO,0.7292762994766235,252.62347412109375
687,Data-Driven FNO,0.7165737748146057,395.2097473144531
688,PI-FNO,0.3485099971294403,19.81011390686035
688,Data-Driven FNO,0.40952613949775696,40.296852111816406
689,PI-FNO,0.5733773112297058,157.17723083496094
689,Data-Driven FNO,0.5925021171569824,187.19442749023438
690,PI-FNO,0.40817511081695557,33.81974792480469
690,Data-Driven FNO,0.5057423114776611,52.07268524169922
691,PI-FNO,0.5584218502044678,65.35310363769531
691,Data-Driven FNO,0.6098681688308716,111.77981567382812
692,PI-FNO,0.33376309275627136,119.23103332519531
692,Data-Driven FNO,0.32430028915405273,204.9275665283203
693,PI-FNO,0.4931860864162445,92.52880096435547
693,Data-Driven FNO,0.49226734042167664,160.42437744140625
694,PI-FNO,0.5916463732719421,36.81636428833008
694,Data-Driven FNO,0.5480303764343262,59.856632232666016
695,PI-FNO,1.1027270555496216,7.548200607299805
695,Data-Driven FNO,1.0817961692810059,9.84117317199707
696,PI-FNO,0.605957567691803,44.745365142822266
696,Data-Driven FNO,0.6016885042190552,81.0803451538086
697,PI-FNO,0.4051286578178406,21.648319244384766
697,Data-Driven FNO,0.4025270640850067,28.940221786499023
698,PI-FNO,0.5431344509124756,46.41563415527344
698,Data-Driven FNO,0.5665461421012878,53.34084701538086
699,PI-FNO,0.4190361797809601,17.972898483276367
699,Data-Driven FNO,0.427800714969635,37.472198486328125
700,PI-FNO,0.4378783106803894,59.648799896240234
700,Data-Driven FNO,0.45748499035835266,117.38195037841797
701,PI-FNO,0.5024783611297607,34.997657775878906
701,Data-Driven FNO,0.48050543665885925,78.97737121582031
702,PI-FNO,0.5460010170936584,80.13294219970703
702,Data-Driven FNO,0.5357303023338318,87.19013977050781
703,PI-FNO,0.6451436281204224,73.27814483642578
703,Data-Driven FNO,0.6447842717170715,110.7081069946289
704,PI-FNO,0.16162890195846558,61.87924575805664
704,Data-Driven FNO,0.18804959952831268,106.83659362792969
705,PI-FNO,0.5464503765106201,141.32040405273438
705,Data-Driven FNO,0.5419097542762756,280.7115478515625
706,PI-FNO,0.6024662852287292,53.978118896484375
706,Data-Driven FNO,0.6221576929092407,72.51424407958984
707,PI-FNO,0.35265129804611206,46.28294372558594
707,Data-Driven FNO,0.4304889142513275,87.5179214477539
708,PI-FNO,0.45965468883514404,10.803858757019043
708,Data-Driven FNO,0.633226215839386,15.480356216430664
709,PI-FNO,0.33645063638687134,49.215736389160156
709,Data-Driven FNO,0.3698495626449585,84.83744812011719
710,PI-FNO,0.2841224670410156,69.99502563476562
710,Data-Driven FNO,0.2956983149051666,124.27037811279297
711,PI-FNO,0.39983105659484863,2.8089749813079834
711,Data-Driven FNO,0.43447452783584595,6.275524139404297
712,PI-FNO,0.27439332008361816,175.87457275390625
712,Data-Driven FNO,0.29679611325263977,276.4210205078125
713,PI-FNO,0.6461647748947144,39.410980224609375
713,Data-Driven FNO,0.6298713684082031,58.68976974487305
714,PI-FNO,0.26946374773979187,41.14716720581055
714,Data-Driven FNO,0.29735928773880005,120.90731048583984
715,PI-FNO,0.37441393733024597,195.37799072265625
715,Data-Driven FNO,0.3776351809501648,278.1357727050781
716,PI-FNO,0.4018672704696655,36.808650970458984
716,Data-Driven FNO,0.42198988795280457,69.54788208007812
717,PI-FNO,0.2952820956707001,35.550498962402344
717,Data-Driven FNO,0.362507164478302,71.36298370361328
718,PI-FNO,0.48504942655563354,56.44499969482422
718,Data-Driven FNO,0.548846960067749,62.581512451171875
719,PI-FNO,0.317045658826828,89.24596405029297
719,Data-Driven FNO,0.3608768582344055,159.04330444335938
720,PI-FNO,0.40493255853652954,53.40192794799805
720,Data-Driven FNO,0.35788023471832275,88.61707305908203
721,PI-FNO,0.2934965491294861,8.92121696472168
721,Data-Driven FNO,0.3222254514694214,12.856659889221191
722,PI-FNO,0.31291458010673523,33.893131256103516
722,Data-Driven FNO,0.3144761323928833,65.11370849609375
723,PI-FNO,0.556734025478363,8.54443645477295
723,Data-Driven FNO,0.575327455997467,11.371430397033691
724,PI-FNO,0.3949379026889801,88.36845397949219
724,Data-Driven FNO,0.47372308373451233,150.25326538085938
725,PI-FNO,0.9798266291618347,17.050264358520508
725,Data-Driven FNO,0.9398847818374634,23.063966751098633
726,PI-FNO,0.49732065200805664,160.4713134765625
726,Data-Driven FNO,0.5245015621185303,261.7984313964844
727,PI-FNO,1.0573866367340088,8.710851669311523
727,Data-Driven FNO,1.0301611423492432,11.79507064819336
728,PI-FNO,0.4611571729183197,9.85697078704834
728,Data-Driven FNO,0.4938567876815796,22.263425827026367
729,PI-FNO,0.3957320749759674,39.90100860595703
729,Data-Driven FNO,0.47832947969436646,72.62281036376953
730,PI-FNO,0.6936671733856201,40.2919807434082
730,Data-Driven FNO,0.6577703356742859,46.933563232421875
731,PI-FNO,0.8356369137763977,39.03055191040039
731,Data-Driven FNO,0.8418179750442505,44.07191467285156
732,PI-FNO,0.46077024936676025,15.315051078796387
732,Data-Driven FNO,0.5057450532913208,31.441909790039062
733,PI-FNO,0.4907815456390381,46.88264083862305
733,Data-Driven FNO,0.43512818217277527,87.5284652709961
734,PI-FNO,0.3378998935222626,76.11747741699219
734,Data-Driven FNO,0.4383815824985504,125.16487121582031
735,PI-FNO,0.3436993956565857,24.675928115844727
735,Data-Driven FNO,0.360197514295578,58.759666442871094
736,PI-FNO,0.24963396787643433,40.92251205444336
736,Data-Driven FNO,0.28393566608428955,77.91576385498047
737,PI-FNO,0.2811183035373688,156.03367614746094
737,Data-Driven FNO,0.32101789116859436,259.7127990722656
738,PI-FNO,0.48898229002952576,170.43482971191406
738,Data-Driven FNO,0.495960533618927,252.72244262695312
739,PI-FNO,0.27649277448654175,9.330999374389648
739,Data-Driven FNO,0.3197999894618988,16.899215698242188
740,PI-FNO,0.5931235551834106,19.859315872192383
740,Data-Driven FNO,0.6032188534736633,33.270179748535156
741,PI-FNO,0.2387377917766571,51.4579963684082
741,Data-Driven FNO,0.2205430418252945,70.9737777709961
742,PI-FNO,0.32216447591781616,44.48517990112305
742,Data-Driven FNO,0.3728201985359192,83.9996109008789
743,PI-FNO,0.3653719127178192,28.6950626373291
743,Data-Driven FNO,0.3780941665172577,39.85639572143555
744,PI-FNO,0.27748316526412964,3.5208301544189453
744,Data-Driven FNO,0.3076830208301544,7.306723117828369
745,PI-FNO,0.4924545884132385,75.53274536132812
745,Data-Driven FNO,0.5014188885688782,146.74765014648438
746,PI-FNO,0.4817672669887543,56.1325569152832
746,Data-Driven FNO,0.49959632754325867,106.87611389160156
747,PI-FNO,0.3438705503940582,15.296462059020996
747,Data-Driven FNO,0.3649443984031677,36.01293182373047
748,PI-FNO,0.8145928978919983,1.6645718812942505
748,Data-Driven FNO,0.902387261390686,3.547422409057617
749,PI-FNO,0.33009740710258484,108.13164520263672
749,Data-Driven FNO,0.3754161298274994,164.1815948486328
750,PI-FNO,0.4194442629814148,21.118093490600586
750,Data-Driven FNO,0.3902275562286377,43.7168083190918
751,PI-FNO,0.49453961849212646,25.64578628540039
751,Data-Driven FNO,0.5500389337539673,39.680023193359375
752,PI-FNO,0.5176780819892883,366.75115966796875
752,Data-Driven FNO,0.5519222021102905,608.0726928710938
753,PI-FNO,0.28312668204307556,109.53826904296875
753,Data-Driven FNO,0.33554208278656006,181.67247009277344
754,PI-FNO,0.8307219743728638,14.38713550567627
754,Data-Driven FNO,0.8453977704048157,22.85556411743164
755,PI-FNO,0.27439385652542114,20.4970645904541
755,Data-Driven FNO,0.2699679732322693,34.15122604370117
756,PI-FNO,0.42538270354270935,41.030174255371094
756,Data-Driven FNO,0.4308561086654663,42.228492736816406
757,PI-FNO,0.34520983695983887,55.225807189941406
757,Data-Driven FNO,0.35474079847335815,94.38311004638672
758,PI-FNO,0.825412929058075,16.413005828857422
758,Data-Driven FNO,0.8492244482040405,29.604345321655273
759,PI-FNO,0.4537734389305115,22.24234390258789
759,Data-Driven FNO,0.4077593982219696,38.43793869018555
760,PI-FNO,0.27491435408592224,31.53248405456543
760,Data-Driven FNO,0.36206796765327454,49.911895751953125
761,PI-FNO,0.5020152926445007,40.7692985534668
761,Data-Driven FNO,0.5303029417991638,82.9524917602539
762,PI-FNO,0.46932581067085266,88.324462890625
762,Data-Driven FNO,0.49444258213043213,170.0087432861328
763,PI-FNO,0.3583832085132599,65.83726501464844
763,Data-Driven FNO,0.36474576592445374,139.4668426513672
764,PI-FNO,0.45938149094581604,27.685976028442383
764,Data-Driven FNO,0.5078542828559875,49.478450775146484
765,PI-FNO,0.3525199592113495,9.31917953491211
765,Data-Driven FNO,0.32521677017211914,19.1550235748291
766,PI-FNO,0.7163046598434448,11.943120956420898
766,Data-Driven FNO,0.7006005644798279,14.052913665771484
767,PI-FNO,0.5804843306541443,35.58281326293945
767,Data-Driven FNO,0.6373157501220703,56.07542419433594
768,PI-FNO,0.4079234004020691,52.63666534423828
768,Data-Driven FNO,0.41305842995643616,90.66647338867188
769,PI-FNO,0.21711410582065582,25.0270938873291
769,Data-Driven FNO,0.204573854804039,50.26216506958008
770,PI-FNO,0.25122448801994324,50.56122589111328
770,Data-Driven FNO,0.2906493842601776,78.96392059326172
771,PI-FNO,0.5371115803718567,10.876471519470215
771,Data-Driven FNO,0.6099966168403625,21.512344360351562
772,PI-FNO,0.3093712627887726,26.634143829345703
772,Data-Driven FNO,0.33612608909606934,42.11756134033203
773,PI-FNO,0.7430742979049683,115.44983673095703
773,Data-Driven FNO,0.7557327747344971,186.14869689941406
774,PI-FNO,0.648622989654541,90.46247863769531
774,Data-Driven FNO,0.6635305881500244,147.41053771972656
775,PI-FNO,0.3149832487106323,25.122217178344727
775,Data-Driven FNO,0.3239020109176636,43.22846221923828
776,PI-FNO,0.5632783770561218,8.734667778015137
776,Data-Driven FNO,0.5720122456550598,19.62165069580078
777,PI-FNO,0.4601280689239502,26.750337600708008
777,Data-Driven FNO,0.4354689419269562,42.214500427246094
778,PI-FNO,0.465503066778183,100.63175964355469
778,Data-Driven FNO,0.557931125164032,164.61134338378906
779,PI-FNO,0.30894559621810913,79.70597076416016
779,Data-Driven FNO,0.3514406085014343,111.8381576538086
780,PI-FNO,0.546335756778717,40.377567291259766
780,Data-Driven FNO,0.5864535570144653,83.58153533935547
781,PI-FNO,0.7545800805091858,15.059922218322754
781,Data-Driven FNO,0.7975385189056396,25.13117218017578
782,PI-FNO,0.38834938406944275,75.72422790527344
782,Data-Driven FNO,0.44353634119033813,145.0946807861328
783,PI-FNO,0.5766481757164001,25.497224807739258
783,Data-Driven FNO,0.5849782824516296,53.836307525634766
784,PI-FNO,0.4462040066719055,36.317474365234375
784,Data-Driven FNO,0.4291866719722748,67.2380599975586
785,PI-FNO,0.3344164490699768,42.684837341308594
785,Data-Driven FNO,0.34941866993904114,71.70597839355469
786,PI-FNO,0.399589478969574,36.82448196411133
786,Data-Driven FNO,0.39525845646858215,60.10361099243164
787,PI-FNO,0.4637910723686218,16.648611068725586
787,Data-Driven FNO,0.49415501952171326,32.651527404785156
788,PI-FNO,0.47735944390296936,11.573517799377441
788,Data-Driven FNO,0.4813547134399414,26.47160530090332
789,PI-FNO,0.3658483326435089,9.431987762451172
789,Data-Driven FNO,0.37281569838523865,13.25279426574707
790,PI-FNO,0.3348085582256317,79.7122573852539
790,Data-Driven FNO,0.378751665353775,142.19337463378906
791,PI-FNO,0.4290921688079834,31.920312881469727
791,Data-Driven FNO,0.459225058555603,50.27070236206055
792,PI-FNO,0.3454482853412628,94.42085266113281
792,Data-Driven FNO,0.4099622964859009,127.20388793945312
793,PI-FNO,0.7321920394897461,51.907840728759766
793,Data-Driven FNO,0.6947290301322937,71.3917007446289
794,PI-FNO,0.2821715772151947,101.79492950439453
794,Data-Driven FNO,0.30291128158569336,162.86180114746094
795,PI-FNO,0.7816975116729736,6.174560070037842
795,Data-Driven FNO,0.7850800156593323,10.77992057800293
796,PI-FNO,0.37578654289245605,28.45163917541504
796,Data-Driven FNO,0.3502146899700165,59.555145263671875
797,PI-FNO,0.5508174896240234,103.6932601928711
797,Data-Driven FNO,0.5599817633628845,165.0529327392578
798,PI-FNO,0.5904595851898193,11.825915336608887
798,Data-Driven FNO,0.5751345753669739,25.067537307739258
799,PI-FNO,0.49007630348205566,5.671199798583984
799,Data-Driven FNO,0.6600766777992249,9.520606994628906
800,PI-FNO,0.34946122765541077,45.946144104003906
800,Data-Driven FNO,0.38614505529403687,78.31184387207031
801,PI-FNO,0.5697301030158997,38.22880935668945
801,Data-Driven FNO,0.5727711319923401,75.5221176147461
802,PI-FNO,0.3342614769935608,57.0599479675293
802,Data-Driven FNO,0.3422209322452545,108.92171478271484
803,PI-FNO,0.5117926597595215,20.062047958374023
803,Data-Driven FNO,0.5797157287597656,37.63954544067383
804,PI-FNO,0.24607840180397034,41.068504333496094
804,Data-Driven FNO,0.2445109337568283,67.99585723876953
805,PI-FNO,0.2805415987968445,13.153116226196289
805,Data-Driven FNO,0.24665290117263794,22.89655303955078
806,PI-FNO,0.7456251978874207,67.13519287109375
806,Data-Driven FNO,0.7444957494735718,93.97344207763672
807,PI-FNO,0.3837999403476715,12.903363227844238
807,Data-Driven FNO,0.38048726320266724,18.915193557739258
808,PI-FNO,0.47571033239364624,39.5941276550293
808,Data-Driven FNO,0.5341982245445251,56.400001525878906
809,PI-FNO,0.32243871688842773,48.31016540527344
809,Data-Driven FNO,0.33634087443351746,80.64632415771484
810,PI-FNO,0.566680371761322,153.64393615722656
810,Data-Driven FNO,0.5374758839607239,239.2383270263672
811,PI-FNO,0.6212400794029236,132.094970703125
811,Data-Driven FNO,0.6431997418403625,221.3807373046875
812,PI-FNO,0.3274175524711609,19.897171020507812
812,Data-Driven FNO,0.3716622591018677,33.73915100097656
813,PI-FNO,0.49567535519599915,48.17632293701172
813,Data-Driven FNO,0.5776775479316711,73.45245361328125
814,PI-FNO,0.8129202723503113,16.5479793548584
814,Data-Driven FNO,0.839012861251831,23.55649185180664
815,PI-FNO,0.3561098277568817,100.17552947998047
815,Data-Driven FNO,0.38890841603279114,142.0032196044922
816,PI-FNO,0.30455538630485535,36.599971771240234
816,Data-Driven FNO,0.3128209412097931,57.346553802490234
817,PI-FNO,0.2662138342857361,41.44560623168945
817,Data-Driven FNO,0.28402426838874817,52.21213150024414
818,PI-FNO,0.416398823261261,51.98647689819336
818,Data-Driven FNO,0.5086175799369812,85.1413345336914
819,PI-FNO,0.7324897646903992,12.26829719543457
819,Data-Driven FNO,0.7984983325004578,21.853424072265625
820,PI-FNO,0.7932734489440918,8.706090927124023
820,Data-Driven FNO,0.7774826288223267,20.347387313842773
821,PI-FNO,0.3782084882259369,27.451902389526367
821,Data-Driven FNO,0.39806249737739563,44.134647369384766
822,PI-FNO,0.6747828125953674,29.621335983276367
822,Data-Driven FNO,0.6943656802177429,48.3180046081543
823,PI-FNO,0.5842301845550537,140.92442321777344
823,Data-Driven FNO,0.621741771697998,216.3545379638672
824,PI-FNO,0.3718627691268921,61.98158264160156
824,Data-Driven FNO,0.38843658566474915,110.55167388916016
825,PI-FNO,0.5481728911399841,11.814155578613281
825,Data-Driven FNO,0.5858076810836792,19.41927719116211
826,PI-FNO,0.5864163041114807,50.2850341796875
826,Data-Driven FNO,0.615310788154602,87.32427215576172
827,PI-FNO,0.17625176906585693,44.0711784362793
827,Data-Driven FNO,0.20345287024974823,63.61942672729492
828,PI-FNO,0.39278995990753174,14.127911567687988
828,Data-Driven FNO,0.3900296092033386,34.31855010986328
829,PI-FNO,0.7047395706176758,16.300582885742188
829,Data-Driven FNO,0.6836146712303162,29.000452041625977
830,PI-FNO,0.3976668119430542,13.157443046569824
830,Data-Driven FNO,0.4385843873023987,21.206605911254883
831,PI-FNO,0.2732364237308502,33.27033615112305
831,Data-Driven FNO,0.276203989982605,70.05328369140625
832,PI-FNO,0.3991762697696686,30.271289825439453
832,Data-Driven FNO,0.4233724772930145,54.92570877075195
833,PI-FNO,0.34055694937705994,33.80150604248047
833,Data-Driven FNO,0.4125699996948242,59.413753509521484
834,PI-FNO,0.38079768419265747,56.80348205566406
834,Data-Driven FNO,0.4126228988170624,106.86019134521484
835,PI-FNO,0.9345356822013855,4.4890456199646
835,Data-Driven FNO,0.9232527017593384,11.37544059753418
836,PI-FNO,0.49167799949645996,74.62359619140625
836,Data-Driven FNO,0.5426503419876099,87.26057434082031
837,PI-FNO,0.3847993314266205,40.419979095458984
837,Data-Driven FNO,0.37938356399536133,83.60581970214844
838,PI-FNO,0.39142337441444397,128.6170654296875
838,Data-Driven FNO,0.45715320110321045,237.33724975585938
839,PI-FNO,0.6134381294250488,48.330867767333984
839,Data-Driven FNO,0.5338513851165771,71.40730285644531
840,PI-FNO,0.38636571168899536,99.73974609375
840,Data-Driven FNO,0.36517849564552307,129.6102752685547
841,PI-FNO,0.23295725882053375,205.06227111816406
841,Data-Driven FNO,0.2694496810436249,298.0731506347656
842,PI-FNO,0.4333527982234955,45.189125061035156
842,Data-Driven FNO,0.5166772603988647,90.06906127929688
843,PI-FNO,0.3427704870700836,35.507606506347656
843,Data-Driven FNO,0.36637961864471436,69.9156265258789
844,PI-FNO,0.4722207188606262,10.225414276123047
844,Data-Driven FNO,0.49185946583747864,24.5383243560791
845,PI-FNO,0.6504001021385193,22.043777465820312
845,Data-Driven FNO,0.6115830540657043,35.756710052490234
846,PI-FNO,0.43282124400138855,20.843955993652344
846,Data-Driven FNO,0.42473113536834717,38.422874450683594
847,PI-FNO,0.4778868556022644,26.659547805786133
847,Data-Driven FNO,0.5304580926895142,44.86225509643555
848,PI-FNO,0.3648146986961365,103.58173370361328
848,Data-Driven FNO,0.348296582698822,166.5381317138672
849,PI-FNO,0.518778383731842,34.308837890625
849,Data-Driven FNO,0.5583078861236572,64.7861328125
850,PI-FNO,0.41899028420448303,40.46311569213867
850,Data-Driven FNO,0.45736590027809143,82.49744415283203
851,PI-FNO,0.5391353964805603,9.48493480682373
851,Data-Driven FNO,0.5241044759750366,13.158535957336426
852,PI-FNO,0.8169392943382263,13.861836433410645
852,Data-Driven FNO,0.7778201699256897,24.5778751373291
853,PI-FNO,0.3128276765346527,118.97388458251953
853,Data-Driven FNO,0.3673172891139984,215.73582458496094
854,PI-FNO,0.33646494150161743,82.72530364990234
854,Data-Driven FNO,0.39495962858200073,169.7898406982422
855,PI-FNO,0.3001880943775177,61.01484298706055
855,Data-Driven FNO,0.30274489521980286,115.01923370361328
856,PI-FNO,0.3419511914253235,129.95848083496094
856,Data-Driven FNO,0.45202621817588806,200.60281372070312
857,PI-FNO,0.3198482096195221,35.76586151123047
857,Data-Driven FNO,0.33812302350997925,73.98011779785156
858,PI-FNO,0.31147637963294983,201.4946746826172
858,Data-Driven FNO,0.3200758695602417,325.46441650390625
859,PI-FNO,0.3478047549724579,25.213281631469727
859,Data-Driven FNO,0.37741461396217346,49.17998504638672
860,PI-FNO,0.5217971205711365,4.547976493835449
860,Data-Driven FNO,0.5443755984306335,8.259047508239746
861,PI-FNO,0.4399515390396118,11.281744003295898
861,Data-Driven FNO,0.42367368936538696,19.728300094604492
862,PI-FNO,0.37299996614456177,34.3123664855957
862,Data-Driven FNO,0.3343297243118286,58.3578987121582
863,PI-FNO,0.3009209930896759,2.3871665000915527
863,Data-Driven FNO,0.38762831687927246,7.637036323547363
864,PI-FNO,0.5611547827720642,113.16039276123047
864,Data-Driven FNO,0.5718948841094971,123.04829406738281
865,PI-FNO,0.4693771302700043,43.46488571166992
865,Data-Driven FNO,0.5141927003860474,79.1821517944336
866,PI-FNO,0.5375760793685913,70.12433624267578
866,Data-Driven FNO,0.5650947093963623,114.2557144165039
867,PI-FNO,0.35379186272621155,16.007911682128906
867,Data-Driven FNO,0.38124439120292664,20.489145278930664
868,PI-FNO,0.34042707085609436,75.66036987304688
868,Data-Driven FNO,0.35202303528785706,130.0925750732422
869,PI-FNO,0.31598490476608276,5.9054460525512695
869,Data-Driven FNO,0.3386133313179016,9.458694458007812
870,PI-FNO,0.6689745187759399,42.126434326171875
870,Data-Driven FNO,0.6663594245910645,43.439849853515625
871,PI-FNO,0.44099730253219604,109.12635803222656
871,Data-Driven FNO,0.4555215537548065,220.90065002441406
872,PI-FNO,0.29582905769348145,149.18971252441406
872,Data-Driven FNO,0.30746889114379883,273.0718688964844
873,PI-FNO,0.39909490942955017,33.05513381958008
873,Data-Driven FNO,0.3816528022289276,46.21537399291992
874,PI-FNO,0.3814336061477661,78.6221694946289
874,Data-Driven FNO,0.41454213857650757,124.0457534790039
875,PI-FNO,0.5558341145515442,78.84638214111328
875,Data-Driven FNO,0.595224916934967,146.9747772216797
876,PI-FNO,0.6994737982749939,75.06782531738281
876,Data-Driven FNO,0.7469343543052673,146.9777374267578
877,PI-FNO,0.5951926708221436,60.24186325073242
877,Data-Driven FNO,0.6305684447288513,78.09414672851562
878,PI-FNO,0.5126996636390686,76.61409759521484
878,Data-Driven FNO,0.5347230434417725,102.03851318359375
879,PI-FNO,0.6228349804878235,15.415632247924805
879,Data-Driven FNO,0.6338785886764526,28.735837936401367
880,PI-FNO,0.32081085443496704,86.9886245727539
880,Data-Driven FNO,0.3446972668170929,171.15826416015625
881,PI-FNO,0.40218648314476013,36.3160285949707
881,Data-Driven FNO,0.4429321885108948,66.13697052001953
882,PI-FNO,0.40268948674201965,38.59832000732422
882,Data-Driven FNO,0.4522097706794739,57.07244110107422
883,PI-FNO,0.7209103107452393,42.88727951049805
883,Data-Driven FNO,0.5951035618782043,60.416255950927734
884,PI-FNO,0.2856559157371521,26.124780654907227
884,Data-Driven FNO,0.29422903060913086,60.59345626831055
885,PI-FNO,0.5184369087219238,175.52513122558594
885,Data-Driven FNO,0.5002000331878662,237.60336303710938
886,PI-FNO,0.4318481683731079,236.3468780517578
886,Data-Driven FNO,0.44870278239250183,383.6632080078125
887,PI-FNO,0.26256290078163147,97.46830749511719
887,Data-Driven FNO,0.32048970460891724,151.1699981689453
888,PI-FNO,0.5591099262237549,68.35221862792969
888,Data-Driven FNO,0.5539836883544922,102.3652572631836
889,PI-FNO,0.25685787200927734,30.18431282043457
889,Data-Driven FNO,0.33066222071647644,53.349300384521484
890,PI-FNO,0.5364806056022644,56.1148567199707
890,Data-Driven FNO,0.5221093893051147,71.13214111328125
891,PI-FNO,0.37984150648117065,37.03396224975586
891,Data-Driven FNO,0.3789365291595459,61.3698616027832
892,PI-FNO,0.34376585483551025,10.766127586364746
892,Data-Driven FNO,0.33972102403640747,24.0296630859375
893,PI-FNO,0.35139378905296326,89.47848510742188
893,Data-Driven FNO,0.36462342739105225,176.19393920898438
894,PI-FNO,0.3392753303050995,23.384828567504883
894,Data-Driven FNO,0.3395942449569702,31.05303955078125
895,PI-FNO,0.2793416678905487,60.374324798583984
895,Data-Driven FNO,0.34216001629829407,119.97537231445312
896,PI-FNO,0.3804255723953247,13.153192520141602
896,Data-Driven FNO,0.43397337198257446,19.744831085205078
897,PI-FNO,0.4121200144290924,74.1904525756836
897,Data-Driven FNO,0.44861701130867004,135.4141387939453
898,PI-FNO,0.4865338206291199,73.37031555175781
898,Data-Driven FNO,0.4912255108356476,134.63510131835938
899,PI-FNO,0.611849844455719,25.308713912963867
899,Data-Driven FNO,0.7260367274284363,44.407012939453125
900,PI-FNO,0.6668666005134583,100.99610137939453
900,Data-Driven FNO,0.6524561643600464,202.52490234375
901,PI-FNO,0.24682049453258514,5.814670562744141
901,Data-Driven FNO,0.27614057064056396,11.35822582244873
902,PI-FNO,0.6356879472732544,55.67441177368164
902,Data-Driven FNO,0.5692772269248962,78.96756744384766
903,PI-FNO,0.2302943766117096,44.94780349731445
903,Data-Driven FNO,0.2711274027824402,69.1111831665039
904,PI-FNO,0.302181214094162,35.414329528808594
904,Data-Driven FNO,0.3514985144138336,50.63210678100586
905,PI-FNO,0.5061018466949463,48.15616989135742
905,Data-Driven FNO,0.4992506802082062,61.414676666259766
906,PI-FNO,0.498317688703537,6.894375801086426
906,Data-Driven FNO,0.5061972737312317,17.025718688964844
907,PI-FNO,0.3891717493534088,26.221939086914062
907,Data-Driven FNO,0.4034796953201294,49.2073974609375
908,PI-FNO,0.2129301130771637,29.84588050842285
908,Data-Driven FNO,0.25774773955345154,51.99873733520508
909,PI-FNO,0.2478967308998108,30.63936996459961
909,Data-Driven FNO,0.2604559659957886,43.31233596801758
910,PI-FNO,0.19595642387866974,111.72743225097656
910,Data-Driven FNO,0.23537184298038483,214.48904418945312
911,PI-FNO,0.7078704833984375,28.14750099182129
911,Data-Driven FNO,0.6791108846664429,44.910804748535156
912,PI-FNO,0.22431957721710205,104.82231140136719
912,Data-Driven FNO,0.2506946623325348,186.42007446289062
913,PI-FNO,0.43012866377830505,6.0487518310546875
913,Data-Driven FNO,0.3941642940044403,12.23852825164795
914,PI-FNO,0.4230944514274597,30.83058738708496
914,Data-Driven FNO,0.48379746079444885,65.20787811279297
915,PI-FNO,0.2713318169116974,18.317764282226562
915,Data-Driven FNO,0.31524813175201416,49.7624397277832
916,PI-FNO,0.9435665011405945,6.727087497711182
916,Data-Driven FNO,0.8980035781860352,8.473150253295898
917,PI-FNO,0.5224805474281311,23.365341186523438
917,Data-Driven FNO,0.5769817233085632,48.18756866455078
918,PI-FNO,0.467263400554657,24.473556518554688
918,Data-Driven FNO,0.47147220373153687,42.62376403808594
919,PI-FNO,0.5257518887519836,62.03131866455078
919,Data-Driven FNO,0.5458337068557739,134.56080627441406
920,PI-FNO,0.4581560492515564,13.909100532531738
920,Data-Driven FNO,0.4868669807910919,25.41353416442871
921,PI-FNO,0.22580371797084808,61.66886520385742
921,Data-Driven FNO,0.24645845592021942,92.92048645019531
922,PI-FNO,0.2868479788303375,58.65898895263672
922,Data-Driven FNO,0.31206178665161133,86.89317321777344
923,PI-FNO,0.48267459869384766,43.26068878173828
923,Data-Driven FNO,0.49010059237480164,59.5145263671875
924,PI-FNO,0.5481200218200684,38.51616287231445
924,Data-Driven FNO,0.5604878067970276,55.55006408691406
925,PI-FNO,0.6170300245285034,10.36431884765625
925,Data-Driven FNO,0.608514130115509,21.721391677856445
926,PI-FNO,0.7658168077468872,9.370126724243164
926,Data-Driven FNO,0.8064809441566467,14.434847831726074
927,PI-FNO,0.20073632895946503,6.551003932952881
927,Data-Driven FNO,0.22718383371829987,11.022298812866211
928,PI-FNO,0.4151003062725067,40.51560592651367
928,Data-Driven FNO,0.40518495440483093,76.97106170654297
929,PI-FNO,0.5017175674438477,164.6360321044922
929,Data-Driven FNO,0.5336744785308838,300.58038330078125
930,PI-FNO,0.2712143063545227,110.17681121826172
930,Data-Driven FNO,0.27946579456329346,182.02825927734375
931,PI-FNO,0.6867814660072327,68.8007583618164
931,Data-Driven FNO,0.6429638862609863,104.37694549560547
932,PI-FNO,0.6382391452789307,12.960890769958496
932,Data-Driven FNO,0.6836997270584106,21.013713836669922
933,PI-FNO,0.5006020665168762,18.625886917114258
933,Data-Driven FNO,0.5353519320487976,32.110191345214844
934,PI-FNO,0.35491254925727844,12.625070571899414
934,Data-Driven FNO,0.37819138169288635,30.487163543701172
935,PI-FNO,0.2723257839679718,5.879263401031494
935,Data-Driven FNO,0.26336950063705444,10.576634407043457
936,PI-FNO,0.40523460507392883,69.14777374267578
936,Data-Driven FNO,0.43098679184913635,95.94312286376953
937,PI-FNO,0.3882336914539337,173.46371459960938
937,Data-Driven FNO,0.3963373601436615,278.268798828125
938,PI-FNO,0.5776857733726501,293.8670654296875
938,Data-Driven FNO,0.6131851673126221,423.8218688964844
939,PI-FNO,0.3010924160480499,56.8959846496582
939,Data-Driven FNO,0.3508165776729584,97.27162170410156
940,PI-FNO,0.5813285708427429,53.534061431884766
940,Data-Driven FNO,0.5982524752616882,83.31330871582031
941,PI-FNO,0.525033712387085,46.45252990722656
941,Data-Driven FNO,0.5717347860336304,55.481258392333984
942,PI-FNO,0.41167163848876953,82.6336898803711
942,Data-Driven FNO,0.39824366569519043,134.76878356933594
943,PI-FNO,0.3245648443698883,129.16188049316406
943,Data-Driven FNO,0.3496066927909851,234.15029907226562
944,PI-FNO,0.5888230204582214,14.93501091003418
944,Data-Driven FNO,0.6220437288284302,32.35958480834961
945,PI-FNO,0.4564663767814636,14.809564590454102
945,Data-Driven FNO,0.5334814190864563,28.939411163330078
946,PI-FNO,0.3565455675125122,15.754620552062988
946,Data-Driven FNO,0.3965235650539398,30.48044204711914
947,PI-FNO,0.906775176525116,5.751779079437256
947,Data-Driven FNO,0.8179343938827515,9.553243637084961
948,PI-FNO,0.33612385392189026,84.62064361572266
948,Data-Driven FNO,0.3319898247718811,151.28585815429688
949,PI-FNO,0.7551558017730713,8.733526229858398
949,Data-Driven FNO,0.7836554646492004,17.053634643554688
950,PI-FNO,0.6085679531097412,32.1585693359375
950,Data-Driven FNO,0.568022608757019,40.84920120239258
951,PI-FNO,0.47116366028785706,42.353702545166016
951,Data-Driven FNO,0.4648868143558502,67.80726623535156
952,PI-FNO,0.5425228476524353,127.7010726928711
952,Data-Driven FNO,0.6039872765541077,210.61727905273438
953,PI-FNO,0.4934576451778412,58.181392669677734
953,Data-Driven FNO,0.4860725998878479,83.1181640625
954,PI-FNO,0.5080386400222778,31.46449851989746
954,Data-Driven FNO,0.522978663444519,33.8437385559082
955,PI-FNO,0.227474182844162,85.91679382324219
955,Data-Driven FNO,0.23807646334171295,140.5281982421875
956,PI-FNO,0.5095504522323608,48.34400939941406
956,Data-Driven FNO,0.5228316783905029,90.13153076171875
957,PI-FNO,0.8602831959724426,7.255377292633057
957,Data-Driven FNO,0.7791358828544617,12.014874458312988
958,PI-FNO,0.6373518705368042,18.412765502929688
958,Data-Driven FNO,0.6618860960006714,29.391080856323242
959,PI-FNO,0.5380244851112366,4.316214084625244
959,Data-Driven FNO,0.5529596209526062,12.034255027770996
960,PI-FNO,0.6627448797225952,29.28151512145996
960,Data-Driven FNO,0.6353338956832886,44.952308654785156
961,PI-FNO,0.2718144953250885,39.925785064697266
961,Data-Driven FNO,0.30976924300193787,95.03563690185547
962,PI-FNO,0.25265029072761536,62.407222747802734
962,Data-Driven FNO,0.2964142858982086,136.26963806152344
963,PI-FNO,0.40953928232192993,79.11353302001953
963,Data-Driven FNO,0.46339699625968933,107.06317138671875
964,PI-FNO,0.6088134050369263,60.74465560913086
964,Data-Driven FNO,0.639735758304596,103.71400451660156
965,PI-FNO,0.29745781421661377,43.94670486450195
965,Data-Driven FNO,0.3636544942855835,59.38365173339844
966,PI-FNO,0.4858401417732239,90.36822509765625
966,Data-Driven FNO,0.5291106700897217,127.2592544555664
967,PI-FNO,0.27623316645622253,50.95381546020508
967,Data-Driven FNO,0.29363882541656494,121.64912414550781
968,PI-FNO,0.34103867411613464,43.46767044067383
968,Data-Driven FNO,0.37797099351882935,75.90689849853516
969,PI-FNO,0.43472588062286377,31.27892303466797
969,Data-Driven FNO,0.4415857791900635,67.50648498535156
970,PI-FNO,0.324905127286911,30.03618812561035
970,Data-Driven FNO,0.33911988139152527,54.7305908203125
971,PI-FNO,0.40646493434906006,121.81776428222656
971,Data-Driven FNO,0.44289273023605347,177.14646911621094
972,PI-FNO,0.34394970536231995,78.50360107421875
972,Data-Driven FNO,0.3874644637107849,167.0548553466797
973,PI-FNO,0.2169565111398697,4.797958850860596
973,Data-Driven FNO,0.2612099349498749,13.879354476928711
974,PI-FNO,0.6672007441520691,45.476715087890625
974,Data-Driven FNO,0.6481947302818298,61.292327880859375
975,PI-FNO,0.21671746671199799,22.372156143188477
975,Data-Driven FNO,0.28178906440734863,38.773277282714844
976,PI-FNO,0.2518593668937683,23.14745330810547
976,Data-Driven FNO,0.2877840995788574,45.460601806640625
977,PI-FNO,0.3797381520271301,22.78167152404785
977,Data-Driven FNO,0.41712331771850586,51.07072067260742
978,PI-FNO,0.33466243743896484,25.859285354614258
978,Data-Driven FNO,0.36513590812683105,32.88147735595703
979,PI-FNO,0.6215173602104187,122.07665252685547
979,Data-Driven FNO,0.6270667314529419,189.0127410888672
980,PI-FNO,0.3051711916923523,10.041058540344238
980,Data-Driven FNO,0.32216984033584595,15.520344734191895
981,PI-FNO,0.7407286167144775,31.856992721557617
981,Data-Driven FNO,0.7336137294769287,43.67338180541992
982,PI-FNO,0.48412370681762695,23.53061294555664
982,Data-Driven FNO,0.5219618082046509,47.80546188354492
983,PI-FNO,0.3184497058391571,101.35089111328125
983,Data-Driven FNO,0.35099172592163086,131.0504913330078
984,PI-FNO,0.38911011815071106,204.7002410888672
984,Data-Driven FNO,0.4050469398498535,379.240966796875
985,PI-FNO,0.38186097145080566,18.275226593017578
985,Data-Driven FNO,0.4085193872451782,30.191675186157227
986,PI-FNO,0.34404024481773376,46.96340560913086
986,Data-Driven FNO,0.43219828605651855,63.471317291259766
987,PI-FNO,0.2423706203699112,79.76821899414062
987,Data-Driven FNO,0.26651981472969055,112.01875305175781
988,PI-FNO,0.31717318296432495,23.64232063293457
988,Data-Driven FNO,0.3805581331253052,26.746374130249023
989,PI-FNO,0.7753997445106506,15.382111549377441
989,Data-Driven FNO,0.7674360275268555,29.225217819213867
990,PI-FNO,0.32819846272468567,21.55646324157715
990,Data-Driven FNO,0.35905158519744873,38.12205505371094
991,PI-FNO,0.5167937874794006,82.5517807006836
991,Data-Driven FNO,0.5261332392692566,126.83467102050781
992,PI-FNO,0.4591686725616455,21.70318031311035
992,Data-Driven FNO,0.48050248622894287,33.738258361816406
993,PI-FNO,0.9772464632987976,8.918843269348145
993,Data-Driven FNO,0.9259872436523438,12.730337142944336
994,PI-FNO,0.43693190813064575,37.131202697753906
994,Data-Driven FNO,0.4774785339832306,86.03219604492188
995,PI-FNO,0.36713486909866333,66.32657623291016
995,Data-Driven FNO,0.40443095564842224,102.11124420166016
996,PI-FNO,0.49715456366539,35.228336334228516
996,Data-Driven FNO,0.4792690575122833,57.160377502441406
997,PI-FNO,0.4441157579421997,54.062469482421875
997,Data-Driven FNO,0.5589075684547424,86.22608184814453
998,PI-FNO,0.4223414957523346,72.63982391357422
998,Data-Driven FNO,0.44651487469673157,137.05564880371094
999,PI-FNO,0.5075657963752747,20.815319061279297
999,Data-Driven FNO,0.4843076169490814,38.69228744506836
